Bathrooms,Bedrooms,Fireplaces Total,Lot Square Footage,Parking Covered Total,Square Footage,Square Footage Unfinished,Year Built,Age,Original Price,City,Selling Price
1,5,1,40752,0,2110,400,1909,112,998000,1,910000
1,2,0,13381,2,960,0,1928,93,1789000,1,1547150
1,2,0,11242,1,1190,0,1930,91,470000,5,560000
1,4,0,12121,4,1340,980,1938,83,575000,1,635000
1,2,1,15265,1,940,220,1942,79,650000,1,655000
1,2,1,11497,1,930,930,1950,71,1550000,6,1430000
1,1,1,11262,1,1320,0,1950,71,1595000,1,1680000
1,3,0,9720,1,1360,0,1951,70,760000,1,770000
1,2,0,7154,1,1110,0,1951,70,800000,1,785000
1,3,1,11413,1,1410,0,1951,70,1068000,1,1068000
1,2,0,13503,2,800,0,1952,69,599000,5,660000
1,3,1,9891,1,1410,0,1953,68,1425000,1,1600000
1,3,1,10600,2,1290,0,1954,67,699000,1,628000
1,2,1,10074,0,1700,620,1956,65,599450,1,589450
1,3,1,8040,1,970,0,1956,65,658000,1,675000
1,3,1,8000,2,1380,0,1956,65,750000,1,750000
1,3,1,8828,1,1250,0,1957,64,669000,1,690000
1,3,1,8925,1,1330,0,1958,63,650000,5,622500
1,4,0,7735,2,1190,0,1959,62,665000,1,630000
1,3,1,7700,1,1250,0,1959,62,569000,1,642000
1,4,0,6900,0,1220,0,1959,62,650000,1,650000
1,3,1,7300,0,1340,0,1959,62,679000,1,680000
1,3,0,7280,2,1100,0,1960,61,659000,1,602462.5
1,3,1,7416,2,1215,0,1960,61,699000,1,699000
1,3,1,7350,2,1100,0,1960,61,729950,1,700000
1,4,0,7350,1,1070,0,1960,61,690000,1,660000
1,4,1,7280,2,1100,0,1960,61,625000,1,655000
1,4,0,7140,1,1940,0,1960,61,599000,1,635000
1,4,0,7875,0,1200,0,1960,61,685000,1,680000
1,3,1,9375,1,1190,0,1962,59,674950,5,659000
1,3,1,11568,2,1320,0,1962,59,699000,5,680000
1,3,1,9174,1,910,0,1970,51,574999,5,585000
1,3,2,18200,2,2120,0,1971,50,800000,1,725000
1,2,0,10546,1,2270,690,1978,43,600000,5,610000
1,2,1,3741,2,800,800,1986,35,499950,5,515000
1.25,3,2,28010,0,1780,0,1949,72,715000,1,673997
1.5,3,1,12825,2,1440,0,1945,76,785000,1,790000
1.5,2,1,10710,1,1080,0,1952,69,1300000,1,1090000
1.5,3,1,8540,1,1600,0,1952,69,1195000,1,1097500
1.5,3,1,8400,2,1250,0,1952,69,1588000,1,1370000
1.5,4,1,10495,1,1370,0,1954,67,689999,1,670000
1.5,3,1,8640,1,1120,260,1954,67,748800,1,763000
1.5,3,1,11575,2,1300,0,1954,67,775000,1,780000
1.5,3,2,9097,2,1350,0,1954,67,1350000,1,1505000
1.5,3,2,8500,1,1560,0,1955,66,700000,1,680000
1.5,3,1,8767,1,950,0,1955,66,750000,1,730000
1.5,3,1,7300,2,1850,0,1956,65,599000,1,627280
1.5,3,1,7545,2,1120,0,1956,65,645000,1,630000
1.5,3,1,7029,2,1120,0,1956,65,675000,1,649600
1.5,3,2,7129,1,1250,0,1956,65,675000,1,675000
1.5,3,1,8404,2,1290,0,1957,64,750000,1,750000
1.5,4,1,11250,0,1900,0,1958,63,895000,1,840000
1.5,3,1,9758,1,1130,0,1959,62,739000,1,675000
1.5,3,1,15246,2,1540,0,1959,62,699000,1,690000
1.5,3,1,10941,1,1200,0,1960,61,699988,1,720000
1.5,3,1,11104,0,1480,0,1960,61,688750,5,645000
1.5,4,1,7560,1,1420,0,1961,60,600000,1,598000
1.5,3,1,8030,2,1160,0,1961,60,645000,1,685000
1.5,3,1,8855,1,1590,0,1961,60,775000,1,735000
1.5,3,1,7700,2,1530,0,1961,60,725000,1,738000
1.5,3,1,19162,1,1380,0,1962,59,650000,1,685000
1.5,3,2,8706,2,1540,0,1962,59,698500,1,700000
1.5,3,1,7384,2,1080,0,1963,58,650000,1,650000
1.5,3,1,7700,3,1420,0,1963,58,739000,5,739000
1.5,3,0,13503,2,1030,0,1965,56,700000,5,541000
1.5,3,1,10000,5,1060,345,1965,56,725000,1,700000
1.5,2,1,1055,1,1240,0,1967,54,525000,1,505325
1.5,3,1,11720,0,1760,0,1967,54,700000,5,736300
1.5,3,1,9180,2,1350,0,1967,54,700000,5,677500
1.5,3,1,8096,2,1300,0,1968,53,635000,5,635000
1.5,3,1,9182,2,1240,0,1969,52,588000,5,588000
1.5,4,1,9870,2,1450,0,1969,52,775000,5,798000
1.5,3,1,8483,3,1320,0,1969,52,799000,5,805000
1.5,3,1,11424,2,1330,0,1969,52,610000,5,610000
1.5,3,1,8402,2,1330,0,1969,52,675000,5,610000
1.5,3,1,8512,2,1200,0,1970,51,699990,5,730000
1.5,3,1,7614,2,1260,0,1971,50,700000,5,688000
1.5,3,1,9851,2,1290,9851,1971,50,750000,5,695000
1.5,2,1,2625,1,1260,240,1983,38,550000,5,536800
1.5,2,1,3062,2,1320,0,1986,35,650000,1,652000
1.75,2,0,9014,0,930,430,1940,81,1699000,1,1560000
1.75,3,1,6250,2,1680,0,1942,79,800000,1,935000
1.75,4,1,20000,2,1460,540,1947,74,1500000,1,1510000
1.75,3,1,12255,4,1710,0,1950,71,699000,5,732000
1.75,3,2,8030,2,1800,0,1950,71,850000,1,851000
1.75,3,1,16704,1,1680,0,1951,70,1450000,1,1523000
1.75,3,2,16062,2,1490,290,1951,70,750000,1,765000
1.75,4,1,9466,2,2080,0,1952,69,1150000,1,926000
1.75,3,1,20278,2,1800,0,1952,69,1500000,1,1553000
1.75,4,2,13100,2,1900,0,1954,67,525000,1,525000
1.75,3,1,10400,0,1210,0,1954,67,600000,1,635000
1.75,4,2,15678,2,1640,0,1954,67,740900,1,679950
1.75,4,2,9860,1,1900,0,1954,67,744950,1,739000
1.75,3,1,10620,2,2160,950,1954,67,799950,1,745000
1.75,4,2,10380,1,2110,0,1954,67,758000,1,758000
1.75,3,1,11762,1,1690,0,1954,67,790000,1,770000
1.75,4,2,9800,2,1810,0,1954,67,1168000,1,1173000
1.75,4,2,10500,0,1990,0,1954,67,1300000,1,1200000
1.75,3,0,9824,2,2080,0,1954,67,1288000,1,1258000
1.75,4,1,9045,2,1710,0,1954,67,1300000,1,1455000
1.75,3,1,8400,2,1540,0,1954,67,1488888,1,1530000
1.75,4,0,8290,0,1970,0,1954,67,849000,5,750000
1.75,3,0,27878,2,1250,0,1954,67,1000000,1,850000
1.75,3,1,9500,2,1280,0,1955,66,650000,1,607500
1.75,4,2,11250,0,1700,0,1955,66,700000,1,635000
1.75,4,2,8250,1,1910,0,1955,66,650000,1,690000
1.75,4,2,11250,1,1700,0,1955,66,724900,1,695000
1.75,3,1,10600,2,1200,0,1955,66,599000,1,730000
1.75,5,1,9638,0,2800,770,1955,66,725000,1,735000
1.75,4,2,18794,1,1870,0,1955,66,750000,1,735000
1.75,4,2,9703,1,1670,0,1955,66,750000,1,770000
1.75,4,1,9250,1,1840,0,1955,66,795000,1,795000
1.75,4,1,9814,0,1290,0,1955,66,874950,1,799950
1.75,4,1,10440,1,1790,0,1955,66,775000,1,800000
1.75,3,2,37032,2,2200,0,1955,66,775000,1,800000
1.75,4,2,8000,1,1548,0,1955,66,839000,1,839000
1.75,3,2,9000,1,1750,0,1955,66,849000,1,850000
1.75,5,1,13433,1,2540,0,1955,66,899900,1,860000
1.75,5,2,12325,2,2440,0,1955,66,1050000,1,975000
1.75,3,2,13068,2,2300,0,1955,66,1550000,1,1495000
1.75,4,2,8910,1,1760,0,1955,66,679900,1,655000
1.75,3,2,14590,2,1980,0,1955,66,739000,1,730000
1.75,3,1,8099,2,1749,0,1955,66,775000,1,755000
1.75,4,0,8840,1,1430,0,1955,66,779000,1,780000
1.75,2,2,6930,1,1447,0,1955,66,850000,1,835000
1.75,2,1,13067,2,1725,0,1956,65,1250000,1,1250000
1.75,4,1,7592,1,2020,0,1956,65,1200000,1,1270000
1.75,4,2,15856,3,3100,1090,1956,65,1580000,1,1600000
1.75,4,2,7665,1,2020,0,1956,65,750000,1,770000
1.75,4,1,11340,0,2158,0,1956,65,799999,1,714999
1.75,3,0,8640,2,1520,0,1956,65,799950,1,718000
1.75,3,1,8276,1,1600,0,1956,65,700000,1,765000
1.75,5,2,7840,1,2090,0,1956,65,825000,1,820000
1.75,2,1,10349,2,2340,0,1956,65,1488000,1,1493000
1.75,4,2,7208,2,2230,0,1957,64,1298000,1,1100000
1.75,3,2,10150,3,1720,0,1957,64,668899,1,732500
1.75,3,2,9492,2,1637,0,1957,64,695000,1,765000
1.75,3,2,8583,2,1650,0,1957,64,775000,1,766500
1.75,3,1,10670,2,2015,0,1957,64,799000,1,780000
1.75,3,1,7371,2,1830,0,1957,64,768000,1,808000
1.75,3,2,9525,2,1893,0,1957,64,925000,1,830000
1.75,2,1,10250,2,1820,0,1957,64,875000,1,1010000
1.75,3,2,10535,2,1920,0,1958,63,820000,1,850000
1.75,3,2,9600,2,2250,500,1958,63,1250000,1,1473000
1.75,3,1,12036,1,1330,0,1958,63,1375000,1,1556000
1.75,4,2,15453,2,2450,0,1958,63,824950,1,850000
1.75,3,1,8998,2,1362,0,1958,63,709000,1,735000
1.75,3,2,10400,0,2200,0,1958,63,985000,1,1100000
1.75,3,1,18241,2,2110,0,1959,62,699000,1,699000
1.75,5,2,8736,3,2310,1020,1959,62,1200000,1,1000000
1.75,3,1,8518,1,1320,0,1959,62,1025000,1,1200000
1.75,3,1,10275,2,1230,0,1959,62,669000,1,688600
1.75,4,1,7700,2,1550,0,1959,62,800000,1,800000
1.75,3,2,8402,2,1490,0,1959,62,765000,1,765000
1.75,3,1,9143,2,1330,0,1960,61,799800,1,780000
1.75,3,2,8400,2,1610,0,1960,61,800000,1,800000
1.75,3,0,7972,1,1500,230,1960,61,739888,1,775000
1.75,4,2,9000,2,2230,0,1960,61,825000,1,800000
1.75,4,1,8789,2,2110,0,1960,61,825000,1,830000
1.75,4,1,12324,0,1850,0,1961,60,775000,1,752500
1.75,5,2,11600,2,2170,0,1961,60,865800,1,865800
1.75,3,1,7403,2,1330,0,1961,60,1200000,1,1150000
1.75,4,0,7560,1,1662,0,1961,60,684950,1,620000
1.75,3,2,7780,2,1429,0,1961,60,665000,1,705000
1.75,3,1,8250,2,1300,0,1961,60,725000,1,750000
1.75,3,2,8250,2,1450,0,1961,60,729888,1,785000
1.75,3,1,8800,2,1430,0,1961,60,829950,1,829950
1.75,4,0,7344,1,2270,0,1961,60,889000,1,860000
1.75,3,1,9659,2,1550,1550,1961,60,949900,1,890000
1.75,2,1,9040,2,1970,0,1961,60,1150000,1,1100000
1.75,3,1,8400,2,1440,0,1962,59,825000,1,769927
1.75,4,2,9071,1,2040,0,1962,59,700000,1,665000
1.75,3,1,7700,2,1200,0,1962,59,689500,1,689500
1.75,4,2,7700,2,1750,0,1962,59,660000,1,690000
1.75,3,1,8425,2,1410,0,1962,59,770000,1,785700
1.75,4,2,8091,2,2060,0,1962,59,798000,1,818000
1.75,3,2,8480,2,1650,0,1962,59,895000,1,835000
1.75,3,1,9730,2,2200,0,1962,59,950000,1,950000
1.75,2,2,14161,1,1310,0,1963,58,645000,1,578000
1.75,3,1,10770,3,1753,0,1963,58,1150000,1,1220000
1.75,4,2,12826,2,2010,0,1963,58,1399950,1,1350000
1.75,3,1,7500,2,1470,0,1963,58,770000,1,770000
1.75,4,1,9769,2,1860,0,1963,58,799000,1,845000
1.75,5,2,8632,2,1900,0,1963,58,720000,5,720000
1.75,3,1,7874,2,1400,0,1963,58,790000,5,804000
1.75,3,1,10088,2,1364,0,1964,57,709950,1,712500
1.75,3,3,9705,2,3323,1274,1964,57,899800,1,965000
1.75,3,1,7229,2,1250,0,1964,57,635000,1,665000
1.75,4,2,7350,2,2040,0,1964,57,923500,1,925000
1.75,3,1,7210,2,1250,500,1965,56,665000,1,715000
1.75,3,1,7650,2,1600,0,1965,56,820000,1,762000
1.75,4,2,9520,2,2190,270,1965,56,839000,5,817000
1.75,5,2,14630,2,2650,0,1965,56,950000,1,825000
1.75,4,1,7107,2,1470,0,1965,56,758000,1,836200
1.75,4,2,11887,2,2150,150,1965,56,835000,5,835000
1.75,4,0,7950,0,1860,164,1965,56,945000,1,932000
1.75,5,2,7282,2,2250,0,1965,56,899000,5,840000
1.75,4,1,8934,2,1500,0,1965,56,798500,5,774995
1.75,4,2,11887,2,2150,150,1965,56,835000,5,835000
1.75,4,2,9000,2,1850,0,1966,55,819999,1,780000
1.75,4,1,9751,2,2140,0,1966,55,1488000,1,1450000
1.75,3,2,8190,2,1430,0,1966,55,725000,1,745000
1.75,4,2,7650,2,1950,0,1966,55,775000,1,750000
1.75,3,2,8566,2,1560,0,1966,55,759000,1,765000
1.75,3,1,9375,2,1540,0,1966,55,850000,5,799000
1.75,3,1,7110,2,1600,0,1966,55,739888,1,810000
1.75,3,1,8954,2,2120,750,1966,55,799950,1,815000
1.75,3,1,10150,2,1700,0,1966,55,650000,5,680000
1.75,3,1,7350,2,1250,0,1966,55,775000,5,775000
1.75,3,1,8980,3,3050,1500,1967,54,625000,1,685000
1.75,3,1,8560,2,1660,0,1967,54,949988,1,950000
1.75,3,1,9751,2,1380,0,1967,54,1299900,1,1350000
1.75,4,1,9600,2,2000,0,1967,54,725000,5,740000
1.75,3,2,8518,2,1400,0,1967,54,750000,1,760000
1.75,3,1,8700,2,1340,0,1967,54,787500,1,787500
1.75,3,1,8353,2,1560,0,1967,54,775000,1,795000
1.75,3,1,7875,2,1380,0,1967,54,799950,1,799950
1.75,3,1,8262,2,1640,0,1967,54,900000,1,865000
1.75,4,1,9420,3,1560,2110,1967,54,849800,1,826000
1.75,3,1,7210,2,1920,0,1967,54,848800,1,871000
1.75,3,1,7140,1,2125,0,1967,54,945000,1,875000
1.75,4,1,8585,2,1600,0,1967,54,775000,1,828800
1.75,4,1,12750,1,1740,0,1968,53,828000,1,852000
1.75,3,2,7600,1,1690,0,1968,53,789000,1,760000
1.75,3,1,7420,2,1250,0,1968,53,749000,5,772600
1.75,4,1,9750,0,2000,0,1968,53,849000,5,850000
1.75,3,1,9700,2,1440,0,1968,53,829900,5,881000
1.75,3,1,9000,2,1830,0,1968,53,919950,5,885000
1.75,3,1,7700,2,1740,0,1968,53,860888,1,930000
1.75,3,2,15368,2,2680,240,1968,53,1100000,1,1100000
1.75,3,1,8911,2,1340,0,1968,53,629000,5,600000
1.75,3,1,7200,0,1450,0,1968,53,638500,5,615000
1.75,3,1,7200,4,1200,0,1968,53,660000,5,650000
1.75,3,1,9315,2,1190,0,1968,53,669000,5,679500
1.75,3,1,8960,0,1660,0,1968,53,650000,5,700000
1.75,3,1,7210,2,1190,0,1968,53,689950,5,721750
1.75,3,2,10625,1,1710,0,1968,53,749500,5,776000
1.75,3,1,15500,2,1570,0,1968,53,825000,5,780000
1.75,3,1,10560,2,1720,0,1968,53,735000,5,800000
1.75,3,1,10775,2,1550,0,1969,52,720000,1,728000
1.75,5,2,16729,2,2090,0,1969,52,940000,1,775000
1.75,3,3,8925,2,3080,1483,1969,52,1025000,1,976000
1.75,3,2,27345,2,3000,0,1969,52,1290000,1,1260000
1.75,4,1,9000,2,1560,0,1969,52,799000,5,860000
1.75,3,1,7609,2,1380,0,1969,52,629990,5,606990
1.75,3,1,6960,2,1580,0,1969,52,780000,5,722500
1.75,3,1,6525,2,1340,0,1969,52,774850,5,774850
1.75,4,0,24033,0,1520,0,1969,52,785000,5,765000
1.75,3,1,8400,2,1575,0,1969,52,829000,5,880000
1.75,4,2,11390,2,1650,0,1970,51,950000,5,910000
1.75,3,1,8394,2,1480,0,1971,50,705000,5,750000
1.75,5,2,14400,2,1980,0,1972,49,1275000,1,1350000
1.75,3,1,8450,2,1460,0,1972,49,774900,5,786000
1.75,4,1,8020,2,1680,0,1972,49,845000,5,800000
1.75,3,1,8560,2,1570,0,1973,48,650000,1,615000
1.75,3,1,9446,2,1530,0,1973,48,710000,1,710000
1.75,3,1,7907,2,1580,0,1973,48,788000,5,826000
1.75,3,1,13781,2,1210,0,1973,48,725000,5,700440
1.75,3,1,8424,2,1390,0,1974,47,775000,5,830000
1.75,3,1,8400,2,1650,0,1974,47,849750,5,880000
1.75,4,1,10320,2,2360,0,1974,47,899950,1,980000
1.75,4,1,4500,2,2390,0,1974,47,765000,1,708000
1.75,3,1,19345,2,1860,0,1975,46,799800,1,775000
1.75,3,0,7000,2,1730,0,1975,46,735000,5,728000
1.75,4,2,14220,0,1940,0,1976,45,881000,1,845000
1.75,3,1,7890,2,2010,0,1976,45,888000,1,888000
1.75,3,2,12315,2,1520,0,1977,44,699999,1,715000
1.75,4,2,11331,2,2299,0,1977,44,800000,1,820000
1.75,4,2,10101,2,2150,660,1977,44,688000,5,741000
1.75,3,1,11868,2,1130,0,1977,44,750000,5,750000
1.75,4,1,9900,2,2210,0,1978,43,950000,1,950000
1.75,3,1,7210,2,1122,0,1978,43,650000,5,695000
1.75,3,1,6960,2,1200,0,1978,43,699900,5,700000
1.75,2,1,2855,2,1330,0,1979,42,625000,5,600000
1.75,2,1,2432,2,1526,0,1979,42,715000,1,715000
1.75,3,1,9350,2,1730,0,1979,42,725000,5,735000
1.75,3,2,40946,2,2480,0,1979,42,899500,5,850000
1.75,3,1,7800,2,1120,0,1980,41,650000,5,650000
1.75,3,1,8400,2,1230,0,1980,41,650000,5,660000
1.75,3,1,30000,2,2280,0,1981,40,1085000,5,1090000
1.75,3,1,8424,2,1450,0,1981,40,750000,5,750000
1.75,3,1,12015,2,2020,0,1982,39,935000,1,885000
1.75,2,1,9500,2,1600,0,1983,38,920000,1,930000
1.75,3,2,10000,2,1800,0,1983,38,875000,1,870000
1.75,3,1,7008,2,1680,0,1983,38,760000,5,770000
1.75,3,1,12546,2,1800,0,1984,37,925000,5,925000
1.75,2,1,2531,2,1320,0,1986,35,549500,1,549500
1.75,2,1,2399,2,1320,0,1986,35,625000,1,595000
1.75,3,2,19894,3,2350,0,1987,34,1750000,1,1720000
1.75,3,0,8843,2,1350,0,1995,26,669000,5,683000
1.75,2,1,21161,0,1760,40,2001,20,888000,1,820000
1.75,2,1,1108,2,1570,0,2007,14,1100000,1,1100000
2,2,2,19602,2,2490,0,1950,71,1195000,1,1125000
2,5,2,14374,4,2960,0,1951,70,1428000,1,1411500
2,3,1,9112,2,1880,0,1951,70,1438000,1,1515000
2,4,1,7950,0,1600,0,1952,69,1198000,1,1100000
2,3,2,47945,1,1900,0,1953,68,624950,1,618000
2,3,2,12481,2,1610,0,1953,68,1075000,1,1000000
2,3,2,10200,2,1990,0,1953,68,1368000,1,1350000
2,4,1,9360,0,1720,0,1954,67,718800,1,680000
2,4,1,12700,1,1290,0,1954,67,685000,1,727000
2,4,2,41159,2,2620,0,1954,67,1300000,1,1300000
2,4,0,23835,1,2950,0,1954,67,1499000,1,1300000
2,3,1,10429,1,1980,0,1954,67,1489000,1,1499000
2,4,3,14059,2,2100,150,1954,67,1575800,1,1500000
2,3,1,13474,2,950,0,1955,66,799000,1,750000
2,3,1,10150,2,1702,0,1955,66,795000,1,775000
2,4,1,8850,0,1380,0,1955,66,750000,1,785000
2,5,1,8821,2,3120,1030,1955,66,800000,1,800000
2,3,1,11729,1,1400,0,1955,66,1495000,1,1350000
2,4,1,9000,1,2520,0,1956,65,1648000,1,1750000
2,4,1,7245,1,1730,0,1956,65,694993,1,700000
2,4,2,8712,2,1470,0,1956,65,775000,1,775000
2,4,1,8918,1,1690,0,1956,65,810000,1,807500
2,3,2,11360,2,1530,0,1956,65,775000,1,825000
2,4,2,24829,2,2200,0,1956,65,900000,1,923000
2,4,1,7462,1,1880,70,1957,64,775000,1,746000
2,3,2,10057,2,1770,0,1957,64,789950,1,840000
2,4,2,15017,1,2030,0,1957,64,900000,1,871000
2,3,1,7632,1,1310,0,1958,63,755000,1,746000
2,3,1,8100,2,1880,0,1958,63,875000,1,850000
2,4,1,7121,0,1400,0,1958,63,675000,1,675000
2,2,1,10394,2,1500,0,1959,62,1498000,1,1400000
2,4,0,8041,0,1240,0,1959,62,675000,1,645000
2,5,0,7590,0,1740,0,1960,61,750000,1,750000
2,4,1,9625,0,1830,0,1960,61,869000,1,800000
2,3,1,7350,1,1800,0,1960,61,775000,1,808200
2,4,2,11600,2,2160,0,1961,60,738000,1,750000
2,5,2,11600,2,2420,0,1961,60,800000,1,805000
2,4,0,7650,1,1870,0,1961,60,624950,1,650000
2,4,2,8362,1,1800,0,1961,60,699500,1,679000
2,3,1,13300,2,1530,0,1961,60,880000,1,878000
2,3,1,13051,460,2200,0,1962,59,720000,1,726500
2,5,2,20817,2,2450,0,1962,59,925000,1,878000
2,5,2,8617,1,2640,0,1962,59,800000,1,800000
2,4,2,7334,1,2040,0,1962,59,829000,1,790000
2,4,2,10880,2,2780,0,1962,59,999990,1,925000
2,3,1,10050,1,1050,0,1962,59,699000,5,699000
2,3,0,7314,2,1320,0,1962,59,625000,5,645500
2,3,2,7350,1,2043,0,1962,59,774900,5,770000
2,3,2,9590,2,1440,0,1963,58,739000,1,766000
2,4,2,7560,2,2030,0,1963,58,799950,1,712500
2,4,2,7350,0,2290,0,1963,58,939000,5,760000
2,4,2,7350,1,2023,0,1963,58,799000,5,775000
2,4,2,12798,1,2860,0,1964,57,849000,1,750000
2,4,2,9125,2,1900,0,1964,57,890000,1,932500
2,3,0,8400,2,1870,0,1964,57,895000,5,957000
2,4,3,31068,6,3096,0,1965,56,1750000,1,1550000
2,3,2,8992,2,1802,0,1965,56,900000,1,890000
2,3,2,12272,2,2460,0,1965,56,950000,1,960000
2,3,1,9662,2,1320,0,1965,56,830000,5,818000
2,4,1,7350,2,1560,0,1966,55,750000,1,732500
2,3,2,10768,2,1724,0,1966,55,888000,1,900000
2,4,2,7530,2,2040,640,1966,55,689000,5,689000
2,4,1,7725,2,2100,0,1966,55,799995,5,810000
2,3,2,1762,1,1500,0,1967,54,620000,1,625300
2,3,1,7200,2,1660,0,1967,54,795000,1,748800
2,3,1,9663,2,1420,0,1968,53,838000,5,732000
2,3,1,8925,2,2400,0,1968,53,700000,1,777000
2,5,2,8737,2,2752,0,1969,52,1499500,1,1380000
2,4,1,7980,2,1760,299,1969,52,839988,1,820000
2,4,1,8424,2,1710,0,1969,52,769000,5,811000
2,4,0,6975,1,1600,0,1971,50,720000,5,730000
2,4,3,8910,2,1900,1900,1972,49,819990,1,819990
2,3,0,7200,1,1590,0,1973,48,699900,5,715000
2,3,1,6160,2,1840,0,1974,47,725000,1,700000
2,3,2,11200,2,2057,0,1976,45,1250000,1,1153400
2,4,0,7000,2,2140,0,1976,45,760000,5,770000
2,4,1,7700,2,2090,0,1977,44,820000,1,775000
2,3,1,6269,2,1710,0,1977,44,809950,5,760000
2,4,1,9383,2,1940,0,1977,44,799950,5,839000
2,3,1,5842,2,1720,0,1978,43,775000,5,775000
2,4,2,10389,2,2440,0,1978,43,1049950,5,1120000
2,4,1,8458,2,1910,0,1981,40,798888,5,840000
2,3,2,14998,2,2590,0,1981,40,1098000,1,1098000
2,3,2,38408,2,2220,0,1982,39,899000,5,899000
2,4,1,69696,2,2070,0,1982,39,748000,5,671000
2,3,1,7407,2,1670,0,1983,38,640000,5,615000
2,4,1,7491,2,1960,0,1984,37,750000,5,800000
2,4,0,15246,0,1296,0,1985,36,725000,1,642000
2,3,1,2169,2,1450,0,1986,35,615000,1,609620
2,2,1,2194,2,1870,0,1986,35,675000,1,650000
2,4,1,14000,2,2634,0,1986,35,1050000,1,1050000
2,3,1,8500,2,1920,0,1987,34,899000,1,895000
2,3,1,9750,2,1920,0,1987,34,968000,1,912000
2,4,1,11475,2,2200,0,1987,34,1050000,1,1050000
2,3,1,103237,3,1848,0,1999,22,799993,5,850000
2.25,2,0,21780,0,4520,0,1941,80,990000,5,790000
2.25,5,2,12750,0,2230,0,1950,71,1175000,1,1175000
2.25,5,2,12432,2,2986,0,1950,71,1399950,1,1320000
2.25,3,4,14400,2,2270,0,1952,69,1895000,3,1875000
2.25,4,2,12029,2,3130,1230,1953,68,625000,1,625000
2.25,4,2,8959,1,3460,0,1953,68,1998000,1,1948000
2.25,3,2,11200,1,1795,0,1954,67,849888,1,837500
2.25,4,1,11197,0,2150,0,1954,67,1050000,1,1050000
2.25,3,2,29317,3,2440,0,1954,67,1250000,1,1260000
2.25,3,2,11243,2,1450,0,1955,66,645000,1,610000
2.25,4,1,12208,1,1900,0,1955,66,949950,1,935000
2.25,4,2,11464,1,1840,0,1956,65,849000,1,920000
2.25,4,1,10018,2,2360,540,1957,64,1300000,1,1185000
2.25,3,2,8000,1,2080,0,1957,64,780000,1,750000
2.25,3,2,9114,2,2350,0,1957,64,850000,1,800000
2.25,4,2,9887,2,2540,660,1958,63,1600000,1,1725000
2.25,4,2,9316,2,1790,0,1958,63,795000,1,700000
2.25,4,2,8190,2,1750,0,1959,62,679999,1,713000
2.25,3,2,8000,2,1750,0,1959,62,735000,1,806000
2.25,3,2,23605,2,2018,100,1959,62,1050000,1,945000
2.25,4,2,8800,2,1920,140,1960,61,650000,1,680000
2.25,5,2,15830,1,2270,0,1960,61,809850,1,740000
2.25,3,2,14100,2,2160,0,1960,61,735000,1,750000
2.25,4,3,16142,2,3600,0,1960,61,1500000,1,1525000
2.25,4,1,10020,1,1870,0,1960,61,795900,1,791000
2.25,3,2,8924,2,1740,0,1960,61,875000,1,840000
2.25,3,2,12408,3,2289,0,1960,61,888000,1,845000
2.25,5,2,13756,2,3320,0,1960,61,1525000,1,1475000
2.25,4,1,8400,2,1740,0,1961,60,675000,1,672210
2.25,4,2,16452,2,2590,0,1961,60,1168000,1,980000
2.25,4,1,8831,2,2550,0,1961,60,1250000,1,1170000
2.25,3,2,8250,2,1840,0,1961,60,690000,1,733000
2.25,4,2,8400,2,1900,0,1962,59,825000,1,825000
2.25,4,1,7980,2,2120,0,1962,59,695000,1,745000
2.25,4,2,8250,2,1960,0,1962,59,887500,1,830000
2.25,3,2,7955,2,1440,0,1962,59,775000,1,815000
2.25,4,2,15300,4,2170,0,1962,59,875000,1,850000
2.25,4,2,8441,2,1950,0,1963,58,810000,1,800000
2.25,4,1,8426,2,1900,0,1963,58,799990,1,740000
2.25,4,2,17142,2,2530,0,1963,58,1280000,1,1085000
2.25,4,2,9459,2,2060,0,1964,57,929950,1,890000
2.25,4,2,9088,2,1700,0,1964,57,750000,5,779500
2.25,4,1,8862,2,1900,0,1965,56,725000,1,725000
2.25,4,1,7398,2,2080,0,1965,56,925000,1,850000
2.25,3,1,7154,2,1460,0,1965,56,730000,1,680000
2.25,4,1,7367,2,1810,0,1965,56,809000,1,752000
2.25,4,1,8100,2,1840,0,1965,56,725000,1,740000
2.25,4,2,8000,2,2040,0,1965,56,895000,1,882000
2.25,4,2,12037,2,2800,0,1965,56,800000,1,832590
2.25,5,1,8400,2,2170,50,1965,56,875000,1,925000
2.25,5,2,12730,2,3620,0,1965,56,1150000,1,1250000
2.25,4,1,8194,2,2290,0,1966,55,675000,1,652500
2.25,4,1,8548,1,2245,0,1966,55,948000,1,1050000
2.25,4,3,9751,2,2040,0,1966,55,1279950,1,1250000
2.25,4,3,22464,2,3740,0,1966,55,1639500,1,1639500
2.25,3,2,10880,2,1880,0,1966,55,650000,1,810000
2.25,4,1,9676,2,1910,0,1966,55,799999,1,820000
2.25,4,1,10007,2,2270,0,1966,55,925000,1,915000
2.25,3,3,35719,2,2498,0,1966,55,1125000,5,1112500
2.25,3,2,8521,2,1720,0,1967,54,929000,1,900000
2.25,3,2,8727,2,1860,0,1967,54,850000,1,850000
2.25,4,1,7210,2,1890,0,1967,54,680000,1,780000
2.25,4,2,9720,2,2050,0,1967,54,875000,1,915000
2.25,3,2,11700,2,2360,0,1967,54,910000,1,910000
2.25,4,2,11948,2,2350,0,1967,54,1000000,1,1000000
2.25,3,1,8604,3,2350,0,1967,54,1100000,5,1105000
2.25,4,2,8400,2,2030,0,1967,54,800000,5,800000
2.25,3,2,10295,2,1621,0,1967,54,1099500,1,1065000
2.25,4,1,2561,2,2630,0,1968,53,650000,5,640000
2.25,3,1,7800,2,1710,0,1968,53,799960,5,866000
2.25,4,1,8608,2,1740,0,1968,53,899950,1,840000
2.25,4,2,11904,2,1880,0,1968,53,988000,1,1003000
2.25,4,2,12155,2,2060,0,1968,53,849000,1,910000
2.25,3,1,11400,2,1710,0,1968,53,867500,5,920000
2.25,4,2,8050,2,1802,0,1969,52,750000,5,780000
2.25,3,2,8243,2,1530,0,1969,52,888000,1,888000
2.25,4,2,10240,2,1990,0,1969,52,925000,5,900000
2.25,4,2,10550,3,2350,0,1969,52,750000,5,750000
2.25,4,1,7224,2,1880,0,1970,51,838800,1,878800
2.25,4,2,8125,2,2330,0,1970,51,1060000,5,1126000
2.25,4,2,9226,2,1920,0,1971,50,739950,1,745000
2.25,4,1,12320,2,1800,0,1971,50,889000,5,889000
2.25,4,0,9420,2,2010,0,1972,49,680000,1,713000
2.25,3,0,7500,2,2320,0,1972,49,810000,1,750000
2.25,3,2,8222,2,2340,0,1972,49,899000,1,824900
2.25,5,3,13105,2,2770,0,1972,49,1598000,1,1625000
2.25,5,2,8232,2,2750,0,1972,49,785000,1,820000
2.25,3,2,8588,2,1710,0,1972,49,815000,5,873000
2.25,4,0,19602,2,1800,0,1972,49,850000,5,925000
2.25,4,2,8640,2,2100,0,1972,49,989950,1,1095000
2.25,4,2,7725,2,2450,0,1972,49,995000,5,995000
2.25,4,1,15237,2,1900,0,1973,48,750000,1,705000
2.25,4,2,13720,2,2208,0,1973,48,825000,1,830000
2.25,4,2,12600,2,2275,0,1973,48,979950,1,969950
2.25,3,2,13585,2,2810,0,1973,48,1650000,1,1350000
2.25,4,2,12006,2,2210,0,1973,48,915000,5,935000
2.25,4,2,44688,3,4250,4250,1973,48,1498000,1,1435500
2.25,4,3,34848,2,3290,0,1973,48,1525000,1,1600000
2.25,4,1,9956,2,2150,0,1974,47,790000,1,780000
2.25,5,1,8290,2,2650,0,1974,47,885000,1,857000
2.25,4,1,7800,2,2330,0,1974,47,879950,1,890000
2.25,3,1,2560,2,1980,0,1974,47,650000,5,711000
2.25,4,1,9488,2,2220,0,1974,47,1150000,1,1060000
2.25,4,2,5000,2,3036,0,1974,47,1298000,1,1280000
2.25,3,2,8835,2,1767,0,1974,47,730000,5,761000
2.25,3,1,7783,2,1780,0,1974,47,849950,5,849950
2.25,4,2,7178,2,2230,0,1975,46,968000,1,976000
2.25,2,1,781,2,1780,0,1975,46,869950,1,805000
2.25,4,2,9600,2,2230,0,1975,46,875000,5,836000
2.25,3,1,8000,2,2010,0,1975,46,908000,5,908000
2.25,4,1,13187,2,2400,0,1975,46,850000,1,847000
2.25,3,1,11758,2,1920,0,1975,46,899500,1,931000
2.25,4,1,6565,2,1930,0,1975,46,725000,1,750300
2.25,4,1,10679,2,2390,0,1975,46,949000,5,980000
2.25,4,2,13218,2,2350,0,1975,46,1200000,1,1236000
2.25,3,2,10250,2,2370,0,1976,45,1000000,1,1000000
2.25,4,2,13605,2,1850,0,1976,45,825950,1,827000
2.25,4,3,8242,2,2900,0,1976,45,898000,1,888000
2.25,5,2,9147,2,2640,0,1976,45,1095000,5,1095111
2.25,5,2,20022,2,2490,0,1976,45,1200000,1,1317000
2.25,4,1,19950,2,2490,0,1976,45,1375000,1,1321650
2.25,3,2,6700,2,2180,0,1977,44,975000,1,905500
2.25,3,2,9990,2,2190,0,1977,44,899950,5,961000
2.25,4,1,9375,2,1960,0,1977,44,899000,1,885000
2.25,4,3,17710,2,2820,0,1977,44,1050000,5,1028500
2.25,5,1,8910,2,3220,0,1977,44,1150000,5,1250000
2.25,4,2,8178,2,2350,0,1977,44,724000,5,675000
2.25,3,2,9600,2,1829,0,1977,44,798000,5,730000
2.25,3,2,10275,2,1550,0,1977,44,750000,5,782000
2.25,3,1,10000,2,2564,0,1977,44,948000,5,940000
2.25,4,1,7420,2,1820,0,1978,43,880000,1,916000
2.25,4,2,11940,2,1986,0,1978,43,950000,1,950000
2.25,4,2,14788,3,2720,0,1978,43,1450000,1,1400000
2.25,3,2,13800,3,2360,0,1978,43,1025000,1,900000
2.25,3,2,8186,2,2400,0,1978,43,899000,5,899000
2.25,4,2,7845,2,2590,0,1979,42,965000,1,955000
2.25,4,2,8811,2,2370,0,1979,42,1195000,1,1165000
2.25,4,2,8241,2,2630,0,1979,42,915000,1,880000
2.25,4,3,9350,2,3634,510,1979,42,1150000,1,910000
2.25,4,1,9735,2,2520,0,1979,42,988000,5,1125500
2.25,4,1,9620,2,2360,0,1979,42,995000,5,1155000
2.25,3,1,27466,0,1720,0,1980,41,671000,4,671000
2.25,5,2,9880,2,3130,0,1980,41,1250000,1,1150000
2.25,5,2,16403,3,3823,0,1980,41,1275000,1,1160000
2.25,4,2,32742,2,2792,0,1980,41,985000,5,970000
2.25,4,1,7973,2,2380,0,1981,40,950000,1,1025000
2.25,3,0,3150,1,1390,0,1981,40,649990,5,720000
2.25,3,2,7432,2,2378,0,1981,40,975000,5,992500
2.25,3,2,35083,2,1940,0,1981,40,725000,5,710000
2.25,3,2,8008,2,1820,0,1981,40,749950,5,765000
2.25,4,1,16450,2,2550,0,1982,39,1050000,1,1150000
2.25,5,2,10072,2,2370,0,1982,39,1250000,1,1326000
2.25,5,2,14100,3,3280,0,1982,39,1448000,1,1448000
2.25,4,2,12332,2,2290,0,1982,39,1150000,1,1160000
2.25,4,3,12847,2,2880,132,1983,38,1298000,1,1334000
2.25,3,2,7613,2,2040,0,1983,38,900000,1,927000
2.25,3,1,8091,2,1693,0,1983,38,775000,5,785000
2.25,4,1,7505,2,2020,0,1983,38,888000,5,918000
2.25,4,1,8419,2,2460,0,1983,38,915000,5,890000
2.25,4,1,7277,2,2010,480,1984,37,875000,1,840000
2.25,3,1,14588,2,2360,210,1984,37,950000,5,1020000
2.25,4,2,7109,2,2380,0,1984,37,1095000,5,1211000
2.25,4,2,10456,2,2400,0,1984,37,849950,5,762000
2.25,4,1,8709,2,1830,0,1984,37,879950,5,910000
2.25,4,2,12140,4,2510,0,1984,37,900000,5,1001000
2.25,2,1,1895,1,1340,0,1984,37,595000,5,536000
2.25,2,1,1856,1,1340,0,1984,37,694950,5,575000
2.25,2,1,2548,1,1320,280,1984,37,600000,5,587500
2.25,3,1,12032,2,1761,0,1984,37,725000,5,725000
2.25,3,1,13167,2,1950,0,1984,37,835000,5,865000
2.25,4,1,8837,2,2810,0,1984,37,890000,5,890000
2.25,4,1,34580,2,2350,0,1984,37,925000,5,925000
2.25,3,2,53988,2,2690,0,1984,37,980000,5,985000
2.25,3,1,1928,2,1450,0,1985,36,625000,1,585000
2.25,2,1,2301,2,1500,0,1985,36,728000,1,700000
2.25,3,2,9584,2,1650,0,1985,36,750000,1,730000
2.25,2,1,1960,2,1414,0,1986,35,525000,1,535000
2.25,2,1,2421,2,1420,0,1986,35,570000,1,550000
2.25,2,1,1948,2,1414,0,1986,35,588500,1,564000
2.25,2,1,2688,2,1863,0,1986,35,625000,1,568000
2.25,2,1,2319,2,1414,0,1986,35,588000,1,588000
2.25,2,1,2670,2,1860,0,1986,35,650000,1,650000
2.25,4,1,8744,2,1900,0,1986,35,915000,5,933000
2.25,4,1,7513,2,1980,0,1987,34,845000,5,870000
2.25,3,1,12000,2,1930,0,1987,34,925000,5,902000
2.25,4,1,8746,2,2600,0,1990,31,1000000,1,1000000
2.25,3,1,18500,2,2360,560,1990,31,875000,5,930000
2.25,4,2,8315,3,3155,0,1992,29,1195000,5,1270000
2.25,3,1,15814,0,2608,0,1999,22,926000,1,936000
2.25,2,1,1312,2,1334,0,2008,13,679000,5,650000
2.25,3,1,1983,2,2150,0,2009,12,1150000,1,1190000
2.25,4,1,4181,2,2488,0,2010,11,1198000,5,1300000
2.25,3,1,1513,1,1513,0,2011,10,850000,1,780000
2.25,3,0,1373,2,1520,0,2013,8,850000,5,878000
2.25,3,1,1831,1,2055,0,2014,7,799000,5,778000
2.25,3,1,12170,3,3185,0,2014,7,1775000,1,1735000
2.5,3,4,29129,1,2750,0,1930,91,1495000,1,1400000
2.5,3,2,12170,2,2090,0,1950,71,1368000,1,1280000
2.5,3,3,8113,2,2920,0,1950,71,1598000,1,1500000
2.5,3,1,20189,2,3423,0,1950,71,2000000,1,1940000
2.5,4,2,16520,2,2120,0,1950,71,925000,1,885000
2.5,4,2,13479,2,3250,0,1951,70,1998000,1,1870000
2.5,4,1,9763,2,1851,0,1954,67,975000,1,925000
2.5,4,2,9802,2,2310,0,1954,67,1090000,1,1150000
2.5,3,2,9002,0,2130,0,1954,67,1298000,1,1460000
2.5,4,0,9622,1,1580,0,1955,66,970000,1,950000
2.5,4,2,18947,2,2360,0,1955,66,1150000,1,1150000
2.5,3,1,20037,3,2430,0,1955,66,1400000,1,1350000
2.5,4,2,10800,2,2040,0,1955,66,1298000,1,1415001
2.5,4,1,8236,2,1886,0,1956,65,900000,1,915000
2.5,4,2,8640,1,2923,0,1957,64,1095000,1,1010000
2.5,4,2,8000,1,2080,0,1957,64,700000,1,730000
2.5,4,2,8800,1,2290,230,1957,64,845000,1,840000
2.5,3,2,10204,2,1830,0,1957,64,1080000,1,1080000
2.5,4,2,9315,2,2270,0,1958,63,899900,1,920000
2.5,3,0,6500,0,1700,0,1958,63,1188000,1,1188000
2.5,4,2,8000,2,1750,0,1958,63,748888,1,760000
2.5,3,2,14435,2,1990,1990,1958,63,800000,1,845000
2.5,5,2,9126,2,2580,0,1959,62,940000,1,955000
2.5,6,2,10400,2,2620,0,1959,62,1400000,1,1141300
2.5,5,2,8536,2,2360,0,1959,62,1375000,1,1255000
2.5,4,1,9952,2,1360,0,1959,62,688000,1,680000
2.5,4,1,11373,2,2060,0,1959,62,949800,1,975150
2.5,4,1,8249,1,2630,0,1959,62,1025000,1,1025000
2.5,4,3,7990,2,2920,0,1959,62,939000,1,939000
2.5,4,2,11316,2,2740,0,1959,62,988000,1,822500
2.5,4,2,10085,2,2270,0,1959,62,897800,1,910000
2.5,5,2,19800,2,2710,0,1959,62,1350000,1,1500000
2.5,4,3,14399,2,2680,850,1960,61,800000,1,868000
2.5,4,2,18036,1,2640,0,1960,61,850000,1,980000
2.5,3,2,15225,2,2540,260,1960,61,829950,1,924000
2.5,5,2,10574,2,2760,0,1960,61,950000,1,945000
2.5,5,2,11550,2,2560,0,1960,61,1080000,1,1050000
2.5,5,4,9996,2,3530,0,1960,61,1295000,1,1210000
2.5,4,2,9838,2,2230,0,1961,60,948888,1,750000
2.5,4,2,9169,2,2920,0,1961,60,750000,1,800000
2.5,4,2,8800,2,2170,0,1961,60,1320000,1,1188000
2.5,5,2,12693,2,3160,0,1961,60,1350000,1,1410000
2.5,3,2,7560,1,2160,0,1961,60,849000,1,774000
2.5,5,2,10194,2,2230,0,1961,60,1095000,1,1095000
2.5,4,2,8486,2,2540,0,1962,59,895000,1,825000
2.5,3,2,37069,2,2820,2820,1962,59,888888,1,930000
2.5,3,1,8346,1,1782,2049,1962,59,850000,1,875000
2.5,5,2,7606,2,3380,0,1962,59,1125000,1,1000000
2.5,5,2,12710,2,2710,390,1962,59,1200000,1,1203000
2.5,4,2,16000,2,2680,0,1963,58,720000,1,745400
2.5,5,2,9282,2,3150,0,1963,58,785000,1,785000
2.5,4,2,17316,2,2860,580,1963,58,899950,1,865000
2.5,5,2,16837,2,3570,390,1963,58,1050000,1,930000
2.5,4,2,16000,2,2680,0,1963,58,995000,1,995000
2.5,3,2,10375,2,2480,0,1963,58,1299988,0,1285000
2.5,4,1,7600,2,1960,0,1963,58,699900,5,714500
2.5,4,2,7260,2,2500,0,1963,58,780000,1,825000
2.5,4,2,9876,2,2380,920,1964,57,789000,1,745000
2.5,3,1,10227,2,2030,0,1964,57,950000,1,980000
2.5,3,2,13255,2,2680,0,1964,57,1250000,1,1210000
2.5,3,2,10500,2,2547,0,1964,57,875000,1,835000
2.5,5,2,7368,2,2520,0,1964,57,859000,1,850000
2.5,5,2,11070,2,2640,0,1964,57,929950,1,930000
2.5,5,2,11732,2,2720,0,1964,57,1500000,1,1580000
2.5,5,2,8520,1,2340,0,1964,57,700000,5,700000
2.5,4,2,18551,2,2580,0,1965,56,2179000,6,1950000
2.5,5,2,8056,2,2080,0,1965,56,800000,1,826000
2.5,4,2,11200,2,2900,0,1965,56,1199000,1,1199000
2.5,4,2,12635,0,2710,200,1965,56,824000,5,850000
2.5,4,2,9765,2,2430,0,1966,55,889000,1,830000
2.5,5,2,10389,2,2318,0,1966,55,799000,1,828000
2.5,4,1,7801,2,1930,0,1966,55,950000,1,960000
2.5,4,2,10419,3,1820,0,1966,55,915000,1,854250
2.5,3,2,11085,2,2860,0,1966,55,949000,1,887500
2.5,5,2,7300,2,2410,0,1966,55,899950,1,890000
2.5,5,2,9505,2,2610,0,1966,55,972000,1,950000
2.5,3,2,7597,1,2230,0,1966,55,767800,5,725000
2.5,4,2,7988,2,2607,0,1966,55,859800,5,845000
2.5,4,2,7789,2,2340,0,1966,55,899000,5,915000
2.5,4,2,10385,2,2080,0,1967,54,680000,1,680000
2.5,4,2,10800,2,2363,109,1967,54,889000,1,860000
2.5,5,4,22500,2,2809,314,1967,54,880000,1,885000
2.5,5,2,12480,2,2550,0,1967,54,1398000,1,1515000
2.5,4,2,9900,2,1840,0,1967,54,815000,5,850000
2.5,4,1,7200,2,2000,0,1967,54,925000,1,870000
2.5,3,1,8910,2,2050,0,1967,54,875000,1,885000
2.5,4,2,7295,2,2150,0,1967,54,875000,1,825000
2.5,4,2,7838,2,2600,360,1967,54,898000,1,880000
2.5,3,2,12000,2,3220,0,1968,53,1599000,1,1550000
2.5,3,1,8400,2,1540,0,1968,53,815000,5,808000
2.5,3,1,7700,2,1780,0,1968,53,799900,5,825000
2.5,3,2,8294,2,1870,0,1968,53,879950,5,860000
2.5,4,2,12336,2,3406,0,1968,53,1500000,1,1300000
2.5,5,2,10101,2,2770,0,1968,53,950000,1,990000
2.5,4,2,12505,2,2960,0,1968,53,1050000,5,1050000
2.5,5,2,16018,2,3480,0,1968,53,1300000,1,1300000
2.5,5,0,11550,2,3220,0,1968,53,1448000,1,1448000
2.5,4,2,9720,2,3145,0,1968,53,1595000,1,1600000
2.5,4,2,8756,1,1900,0,1968,53,750000,5,763500
2.5,4,2,12730,2,2620,0,1968,53,859950,5,830000
2.5,4,1,12027,2,3220,800,1969,52,1000000,1,1035000
2.5,4,1,1842,2,2010,0,1969,52,663888,1,640000
2.5,4,2,8000,2,2200,0,1969,52,949950,1,950000
2.5,3,2,11040,2,1820,0,1969,52,928000,1,940500
2.5,5,2,10822,2,3120,0,1969,52,1450000,1,1450000
2.5,4,2,10296,2,1840,0,1969,52,795000,5,788000
2.5,3,2,8800,2,2060,0,1970,51,868000,1,800000
2.5,5,3,8600,2,3083,0,1970,51,1168000,1,1168000
2.5,4,2,14470,2,2632,0,1970,51,1300000,1,1185000
2.5,5,2,9700,2,3410,0,1971,50,1150000,1,1190000
2.5,4,2,7875,2,2660,0,1971,50,925000,1,930000
2.5,4,2,12605,2,3070,0,1971,50,974950,1,1165000
2.5,4,1,13050,2,2130,0,1972,49,939000,1,946500
2.5,4,2,10050,2,2380,0,1972,49,988000,1,980000
2.5,4,2,8480,3,3970,0,1972,49,1580000,1,1580000
2.5,4,2,10370,2,2014,0,1972,49,950000,5,1065000
2.5,5,2,8596,2,2600,0,1973,48,880000,1,888000
2.5,4,2,9766,2,2220,0,1973,48,949000,1,950000
2.5,4,1,11135,2,2690,0,1973,48,949950,1,1000000
2.5,4,2,7150,2,2343,0,1973,48,998000,1,1010000
2.5,3,2,20015,2,3620,0,1973,48,1750000,2,1750000
2.5,4,3,17806,3,4220,0,1973,48,1849000,1,1780000
2.5,5,2,9225,2,2780,0,1973,48,799000,5,825000
2.5,4,2,8240,2,2030,0,1973,48,880000,5,850000
2.5,3,1,12006,2,1960,0,1973,48,890000,5,935000
2.5,4,1,12900,2,2399,0,1973,48,995000,5,1202500
2.5,4,2,34500,2,3170,0,1973,48,1678800,1,1550000
2.5,4,2,11229,2,2600,0,1974,47,969500,1,1043000
2.5,4,1,15489,2,2390,0,1974,47,1595000,1,1200000
2.5,4,2,9590,2,1810,0,1974,47,750000,5,770000
2.5,4,3,35065,3,3600,840,1974,47,1650000,1,1600000
2.5,3,3,48787,2,3800,0,1974,47,1698000,1,1630000
2.5,4,2,11373,2,2550,0,1975,46,850000,1,900000
2.5,3,2,19364,2,2350,0,1975,46,945000,1,925000
2.5,4,2,7410,2,2350,0,1975,46,960000,1,965000
2.5,4,1,16100,2,2180,0,1975,46,1250000,1,1260000
2.5,3,1,13750,2,1752,0,1975,46,988000,1,992500
2.5,4,2,7438,1,2050,0,1975,46,870000,1,830000
2.5,4,2,10004,2,2950,0,1975,46,1150000,1,1092000
2.5,4,1,10238,2,2650,0,1975,46,1049000,5,1040000
2.5,5,2,7154,2,2812,0,1975,46,1178845,1,1165000
2.5,3,2,9240,1,1861,0,1975,46,779000,5,820800
2.5,3,1,8750,2,2240,0,1975,46,899990,5,904990
2.5,4,2,8400,2,2620,0,1975,46,945000,5,985600
2.5,3,1,12867,2,2440,0,1975,46,1150000,1,1120000
2.5,4,3,34848,3,3848,0,1975,46,1398000,1,1400000
2.5,5,2,9752,2,3400,0,1976,45,1280000,1,1263000
2.5,6,3,8553,2,3190,0,1976,45,1388800,1,1388800
2.5,3,1,14828,2,3216,400,1976,45,1880000,1,1750000
2.5,4,2,15715,2,2680,0,1976,45,1793600,6,1615000
2.5,3,2,12408,2,2350,0,1976,45,860000,5,863500
2.5,5,1,16284,2,3220,0,1976,45,1175000,5,1175000
2.5,4,1,13225,2,2720,0,1976,45,950000,1,960000
2.5,3,3,35719,2,3560,0,1976,45,1750000,1,1720000
2.5,4,1,9325,2,2600,0,1977,44,768500,1,732000
2.5,4,1,11626,2,2160,0,1977,44,770000,1,772000
2.5,4,2,10150,2,2750,0,1977,44,850000,1,860000
2.5,3,2,9900,2,2150,0,1977,44,899000,5,878000
2.5,4,1,8451,2,2330,590,1977,44,979000,5,1000000
2.5,4,2,9638,2,2104,0,1977,44,1150000,1,1150000
2.5,4,3,8666,2,2570,0,1977,44,1195000,1,1025000
2.5,3,1,7200,2,1720,0,1977,44,760000,5,735000
2.5,4,1,11424,2,1830,0,1977,44,849000,5,780000
2.5,4,2,7292,3,2414,0,1977,44,869880,5,855000
2.5,4,2,8400,2,2320,0,1977,44,868950,5,873000
2.5,4,2,9222,2,2200,0,1978,43,725000,1,725000
2.5,4,1,7700,2,1940,0,1978,43,829000,1,730000
2.5,4,2,8583,2,2400,0,1978,43,969999,1,945000
2.5,5,1,10100,2,2350,0,1978,43,999950,1,999950
2.5,4,3,10500,2,2680,0,1978,43,1180000,1,1255000
2.5,3,1,9536,2,2430,0,1978,43,1320000,1,1270000
2.5,4,2,12840,2,2490,0,1978,43,999950,5,849950
2.5,4,1,8135,2,2490,0,1978,43,950000,5,900000
2.5,5,1,8067,2,2780,0,1978,43,965000,1,965000
2.5,3,1,10260,2,2200,0,1978,43,1100000,1,1150000
2.5,4,1,7669,2,2250,0,1978,43,1165000,4,1154500
2.5,5,2,10125,2,2700,0,1978,43,829000,5,810000
2.5,4,2,7350,2,2400,0,1978,43,869000,5,820000
2.5,4,2,12012,2,2430,0,1978,43,830000,5,860500
2.5,4,2,8800,2,2210,0,1979,42,850000,1,925000
2.5,6,1,9025,2,2760,0,1979,42,975000,1,925000
2.5,4,2,9976,2,2130,0,1979,42,899000,1,977000
2.5,4,2,10050,2,2380,0,1979,42,998000,1,1030000
2.5,2,1,6480,2,1980,0,1979,42,685000,5,688500
2.5,2,1,6500,2,1630,0,1979,42,750000,5,745000
2.5,4,1,4700,2,2070,0,1979,42,849000,5,825000
2.5,4,1,8125,2,2290,440,1979,42,890000,5,882000
2.5,5,2,12913,2,2890,0,1979,42,950000,1,900000
2.5,4,2,10209,2,2430,0,1979,42,918000,5,950000
2.5,4,2,13090,2,2780,550,1979,42,1100000,1,1050000
2.5,4,1,41082,2,1960,0,1979,42,1195000,1,1050000
2.5,3,2,12000,2,1820,0,1979,42,800000,5,800000
2.5,4,3,11823,2,2710,0,1980,41,1250000,1,1250000
2.5,5,3,9100,2,3250,0,1980,41,1248000,1,1285000
2.5,3,3,11536,2,2760,0,1980,41,1350000,1,1275000
2.5,5,3,10231,2,3850,0,1980,41,1599950,1,1550000
2.5,4,0,9775,2,2870,0,1980,41,1173000,5,1320000
2.5,4,1,9600,2,2170,0,1980,41,839995,5,860000
2.5,3,2,35002,2,2500,0,1980,41,929000,5,849000
2.5,3,2,8391,3,2480,0,1981,40,988000,1,988000
2.5,5,2,10140,2,2800,0,1981,40,1125000,1,1125000
2.5,4,1,19375,2,2044,0,1981,40,1188000,1,1120000
2.5,4,2,7000,2,2100,0,1981,40,865000,5,845000
2.5,4,2,35002,2,2780,0,1981,40,995000,5,1100000
2.5,4,2,35006,3,3660,0,1981,40,1150000,5,1157500
2.5,3,2,11366,2,2015,0,1982,39,999888,1,999888
2.5,3,2,13145,2,2290,0,1982,39,1088000,1,1070000
2.5,4,3,9617,2,2449,0,1982,39,995000,5,1120000
2.5,3,1,11266,2,2840,0,1982,39,1200000,1,1200000
2.5,4,1,7846,2,1650,0,1982,39,739000,5,780000
2.5,4,2,7524,2,2490,0,1982,39,800000,5,859000
2.5,4,4,12249,3,4440,0,1983,38,1700000,1,1866500
2.5,3,2,20794,3,3150,0,1983,38,1780000,3,1780000
2.5,3,1,9509,2,2100,0,1983,38,874999,1,874999
2.5,3,2,10979,3,2250,0,1983,38,950000,1,890000
2.5,4,2,12259,2,2940,0,1983,38,1100000,5,1180000
2.5,4,1,10956,2,2530,0,1983,38,1175000,1,1103000
2.5,3,1,49951,2,2070,0,1983,38,1618880,1,1202000
2.5,3,2,18360,2,2040,0,1983,38,980000,5,960000
2.5,3,2,11100,2,2180,0,1983,38,780000,5,785000
2.5,4,1,12900,2,1910,0,1983,38,780000,5,815000
2.5,4,1,15000,2,2145,0,1983,38,800000,5,850000
2.5,3,1,6845,2,1880,0,1984,37,699900,1,712500
2.5,4,2,12214,2,3120,0,1984,37,1260000,1,1130000
2.5,4,2,9924,2,2860,0,1984,37,1350000,1,1350000
2.5,4,2,10487,2,3266,0,1984,37,1300000,1,1350000
2.5,5,3,15297,3,3810,0,1984,37,1450000,1,1400000
2.5,3,1,13145,2,1660,0,1984,37,750000,5,750000
2.5,3,2,6427,2,1870,0,1984,37,940000,5,865000
2.5,4,1,11200,2,2580,0,1984,37,745700,5,745700
2.5,4,2,37056,2,2960,0,1984,37,1200000,5,1050000
2.5,4,2,39900,2,2530,0,1984,37,1150000,5,1150000
2.5,4,1,16060,2,2577,0,1984,37,1068800,5,990000
2.5,3,1,8469,2,1960,0,1984,37,800000,5,757500
2.5,4,3,9245,2,2510,0,1984,37,875000,5,925000
2.5,4,1,9056,2,2320,0,1985,36,950000,1,940000
2.5,4,2,10422,3,3360,0,1985,36,1188000,1,1254000
2.5,4,1,20280,2,2650,0,1985,36,950000,1,1085000
2.5,4,1,7196,2,2590,0,1985,36,850000,5,850000
2.5,4,2,40040,2,2900,0,1985,36,1288000,5,1140000
2.5,4,2,43380,3,3320,0,1985,36,1100000,5,1186000
2.5,2,1,2823,2,1700,0,1986,35,558000,1,550000
2.5,3,1,7108,2,2180,0,1986,35,799950,1,768000
2.5,4,2,20156,3,2820,0,1986,35,1268000,1,1242000
2.5,4,2,12254,3,2900,0,1986,35,1218000,1,1318000
2.5,3,2,9270,2,2690,0,1986,35,1250000,1,1340000
2.5,4,3,10796,3,5110,0,1986,35,1995000,1,1974500
2.5,3,1,3525,2,1660,0,1986,35,992000,1,829000
2.5,3,2,10943,2,1980,470,1986,35,835000,1,880000
2.5,4,1,12053,2,2090,0,1986,35,1249950,1,1185000
2.5,3,1,7200,2,1840,0,1986,35,920000,1,800000
2.5,3,2,8464,2,2230,0,1986,35,1049000,5,1220000
2.5,3,1,8939,2,1800,0,1986,35,868000,5,936000
2.5,2,1,2359,1,1240,0,1986,35,680000,5,680000
2.5,2,1,3269,2,1870,0,1986,35,724000,5,705000
2.5,2,1,2580,2,1640,0,1986,35,739000,5,739000
2.5,4,2,41382,3,3530,0,1986,35,1825000,1,1825000
2.5,3,1,7271,2,1970,0,1986,35,775000,5,775000
2.5,3,2,8898,2,2390,0,1986,35,899000,5,875000
2.5,4,2,12126,3,2440,0,1987,34,1179000,1,1075000
2.5,4,2,8896,2,2270,0,1987,34,1195100,1,1166666
2.5,4,2,12385,2,2385,0,1987,34,1189000,1,1187000
2.5,4,2,10027,3,3400,0,1987,34,1450000,1,1370000
2.5,3,1,9537,2,2820,0,1987,34,1050000,1,1040000
2.5,3,1,12000,2,2369,0,1987,34,1000000,5,1054000
2.5,4,2,10500,2,3350,0,1987,34,1249000,1,1200000
2.5,4,2,7810,3,2450,0,1987,34,1228000,1,1280000
2.5,3,0,8140,2,1680,0,1987,34,850000,5,850000
2.5,3,1,10011,2,1700,0,1987,34,839000,5,883000
2.5,4,1,16557,2,2140,0,1987,34,850000,5,832500
2.5,4,1,45711,2,2540,460,1987,34,1050000,5,998000
2.5,4,1,18602,2,2220,0,1988,33,1099000,1,1040000
2.5,3,2,9600,2,3170,0,1988,33,1199000,1,1110000
2.5,3,2,15612,3,2440,0,1988,33,1299980,1,1200000
2.5,4,2,10879,3,2620,0,1988,33,1286000,1,1325000
2.5,4,2,10800,3,2790,0,1988,33,1265000,1,1326000
2.5,2,1,3957,2,1950,0,1988,33,770000,1,725000
2.5,2,2,4496,2,1950,0,1988,33,760000,1,730000
2.5,4,1,7579,2,2610,0,1988,33,1098000,5,1085000
2.5,4,1,10738,3,2680,0,1988,33,1249000,5,1100000
2.5,3,3,9664,2,2960,0,1988,33,1325000,5,1401000
2.5,3,2,9002,2,2610,0,1988,33,1029000,5,1005000
2.5,4,1,7396,2,2260,0,1989,32,979000,1,960000
2.5,3,1,18110,3,2380,0,1989,32,1100000,1,1075000
2.5,4,3,10069,2,2540,0,1989,32,1098000,1,1138000
2.5,4,2,10210,3,3340,0,1989,32,1388000,1,1310000
2.5,4,2,10125,3,2946,0,1989,32,1328800,1,1383150
2.5,4,3,9840,4,4010,0,1989,32,1809000,1,1500000
2.5,3,1,12249,2,1850,0,1989,32,874999,1,815000
2.5,4,1,9600,2,2230,0,1989,32,974850,1,950000
2.5,3,3,13988,2,2920,0,1989,32,1285000,5,1325000
2.5,4,1,17246,2,2520,0,1989,32,1029000,5,1025000
2.5,4,2,9926,2,2300,0,1990,31,1080000,1,998000
2.5,4,2,9000,2,3086,0,1990,31,1285000,1,1260000
2.5,4,2,10000,3,3300,0,1990,31,1295000,1,1272500
2.5,4,1,9169,3,3680,0,1990,31,1375000,1,1380000
2.5,4,2,17647,3,2565,0,1990,31,1150000,5,1123000
2.5,3,2,7873,3,2390,0,1990,31,987950,5,950000
2.5,4,3,15056,3,2710,0,1990,31,1149000,5,1150000
2.5,4,2,13729,2,2600,0,1990,31,1149000,5,1155000
2.5,5,2,35235,3,3350,0,1990,31,1250000,5,1335000
2.5,3,2,7296,3,2570,0,1991,30,1118000,1,1195000
2.5,4,1,4510,2,2160,0,1991,30,878000,5,885000
2.5,3,2,9553,2,2550,0,1991,30,1050000,5,980000
2.5,4,2,10072,3,2500,0,1991,30,1138000,5,1150000
2.5,3,2,12237,3,3050,0,1991,30,1190000,5,1220000
2.5,4,2,9465,3,3130,0,1992,29,1150000,1,1088000
2.5,4,2,7456,3,2778,0,1992,29,1145000,1,1125000
2.5,4,2,13982,3,3280,0,1992,29,1300000,1,1250000
2.5,3,2,11461,2,2360,0,1992,29,1175000,5,1060000
2.5,3,2,8901,3,2450,0,1992,29,1190000,5,1092000
2.5,4,2,9972,3,2900,0,1993,28,1225000,1,1200000
2.5,3,2,8053,3,2430,0,1993,28,990000,5,990000
2.5,4,3,9002,2,2720,0,1993,28,1098000,5,1104000
2.5,3,1,10968,3,2430,0,1994,27,995000,1,1011000
2.5,4,3,10848,3,3190,0,1994,27,1145000,1,1135000
2.5,4,2,11639,3,3210,800,1994,27,1274900,1,1175000
2.5,4,1,14867,3,3460,0,1994,27,1250000,1,1242500
2.5,5,2,14017,3,3760,0,1994,27,1398000,1,1305000
2.5,4,2,9426,3,3480,0,1994,27,1585000,1,1585000
2.5,4,1,7783,2,2150,0,1994,27,850000,1,825000
2.5,4,2,8891,3,3320,0,1994,27,1325000,1,1250000
2.5,3,1,7541,2,2290,0,1994,27,985500,5,985500
2.5,4,2,11232,3,2650,0,1995,26,1050000,1,985000
2.5,3,2,16454,2,2550,0,1995,26,1099000,1,1050000
2.5,3,2,9174,3,2470,0,1995,26,1100000,1,1100000
2.5,4,2,22106,3,3516,0,1995,26,1450000,1,1365000
2.5,3,1,21477,3,3450,0,1995,26,1199000,1,1385000
2.5,4,2,7568,3,3418,0,1995,26,1500000,1,1400000
2.5,3,2,16088,3,3650,0,1995,26,1683000,1,1630000
2.5,4,2,13663,3,3350,0,1995,26,1800000,1,1880000
2.5,3,1,834977,1,1518,0,1995,26,750000,5,740000
2.5,4,2,16877,4,3800,0,1996,25,1425000,1,1425000
2.5,3,1,6280,2,1710,0,1996,25,780000,5,695000
2.5,2,1,3762,2,1760,0,1996,25,719950,5,740000
2.5,2,1,3267,2,1760,0,1996,25,730000,5,752000
2.5,3,1,12145,3,2460,0,1996,25,989950,5,1016000
2.5,4,1,12651,3,2320,0,1997,24,950000,5,950000
2.5,4,2,9649,3,4610,1140,1997,24,1279800,5,1200000
2.5,3,1,436598,2,1879,0,1998,23,688000,1,688000
2.5,4,1,7262,2,2570,0,1998,23,1175000,1,1108000
2.5,4,2,10684,3,3600,0,1998,23,1398000,1,1305000
2.5,3,1,3024,2,1530,470,1998,23,762000,1,861000
2.5,3,3,6753,3,2580,0,1998,23,1200000,1,1150000
2.5,4,2,9839,2,2730,2730,1998,23,1280000,5,1431000
2.5,5,2,7677,3,3387,0,1998,23,1450000,1,1465000
2.5,2,1,4000,2,1950,0,1999,22,820000,1,820000
2.5,4,1,4504,2,3100,0,1999,22,1029000,1,1015000
2.5,4,1,9481,2,2960,0,1999,22,1248500,1,1255000
2.5,3,2,5795,2,2200,0,1999,22,1229000,1,1158000
2.5,4,2,10018,6,3520,840,2000,21,1450000,1,1450000
2.5,4,2,9729,3,3680,760,2000,21,1748800,1,1608800
2.5,4,2,5884,2,2620,0,2000,21,1128000,1,1175000
2.5,3,2,4676,2,3160,0,2000,21,1475000,5,1500000
2.5,3,2,10472,2,3360,0,2000,21,1199950,5,1200000
2.5,4,1,6485,2,2290,0,2001,20,1100000,1,980000
2.5,3,1,2578,2,1756,0,2001,20,924999,1,920000
2.5,4,2,6601,2,3290,0,2001,20,1275000,5,1285000
2.5,3,1,1500,2,2157,0,2001,20,1849000,1,1800000
2.5,3,2,4677,2,2200,0,2001,20,849950,5,800000
2.5,3,1,4250,3,2574,0,2001,20,1025000,5,1018000
2.5,4,3,8122,3,3480,0,2001,20,1350000,5,1350000
2.5,3,1,4569,2,2100,0,2002,19,995880,5,1030000
2.5,4,2,7465,3,3520,0,2003,18,1220000,1,1225000
2.5,4,0,14103,2,3697,0,2003,18,1400000,1,1250000
2.5,4,1,9918,3,2805,0,2004,17,988000,1,988000
2.5,4,1,6147,3,2410,0,2004,17,899999,5,961000
2.5,3,1,4061,2,2250,0,2004,17,1089000,5,1110000
2.5,4,1,7902,2,2660,0,2004,17,1120000,5,1120000
2.5,3,1,7311,2,2540,0,2004,17,1100000,5,1151000
2.5,4,1,9900,3,3880,0,2005,16,1000000,1,1000000
2.5,3,1,2773,2,1990,0,2005,16,849998,5,865000
2.5,3,1,3500,2,1770,0,2005,16,870000,5,890100
2.5,4,1,3220,2,1840,0,2005,16,897000,5,950000
2.5,4,1,4716,2,2138,430,2005,16,1098000,5,1098000
2.5,4,1,4706,2,2716,0,2005,16,1079000,5,1204500
2.5,4,1,4384,2,2770,0,2005,16,1285000,5,1285000
2.5,4,1,3955,2,2470,0,2005,16,985000,5,1020000
2.5,3,1,5100,2,2245,0,2005,16,1049900,5,1105000
2.5,4,2,8262,2,2860,0,2005,16,1149950,5,1105000
2.5,4,1,6637,3,3100,0,2005,16,1150000,5,1138000
2.5,4,1,5778,2,3520,0,2005,16,1199950,5,1180000
2.5,4,2,6924,3,3100,0,2005,16,1200000,5,1200000
2.5,4,1,10000,2,2620,0,2006,15,845000,1,828000
2.5,4,1,7200,3,3031,0,2006,15,1376000,1,1376000
2.5,4,1,4824,3,2916,0,2006,15,1100000,5,1080000
2.5,4,1,4618,2,2630,0,2006,15,1057000,5,1061500
2.5,4,1,6109,2,2160,0,2007,14,955000,5,820000
2.5,4,1,3776,2,2510,0,2007,14,998000,5,1000000
2.5,4,1,4196,2,2460,0,2007,14,980000,5,1020000
2.5,3,1,1975,2,2020,0,2007,14,1198800,1,1295000
2.5,4,0,15030,3,3480,0,2007,14,1550000,1,1455000
2.5,3,2,5450,2,2625,0,2008,13,1000000,5,1101000
2.5,4,2,7352,2,3340,0,2008,13,1250000,5,1265000
2.5,4,2,7677,2,3335,0,2008,13,1296000,5,1296000
2.5,4,1,5427,3,3050,0,2008,13,1168000,5,1140000
2.5,4,1,4209,2,2620,0,2010,11,1000000,1,1096000
2.5,4,1,3977,2,2723,0,2010,11,1050000,5,1050000
2.5,4,1,6664,3,2710,0,2010,11,1080000,5,1090000
2.5,4,1,3932,2,2611,0,2011,10,1138800,1,1100000
2.5,4,1,4480,2,2000,0,2011,10,889990,5,882000
2.5,4,1,5913,2,2580,0,2011,10,1050000,5,1030000
2.5,4,1,8713,3,3552,0,2012,9,1519000,1,1460000
2.5,3,1,3980,2,1980,0,2012,9,899000,5,899000
2.5,3,1,7664,1,2153,0,2013,8,1128888,1,1180000
2.5,3,1,4235,2,2000,0,2013,8,899000,5,905000
2.5,4,1,4850,2,2684,0,2013,8,1138000,5,1138000
2.5,3,1,4395,2,3560,0,2013,8,1279880,5,1170000
2.5,3,1,4030,2,2580,0,2014,7,1000000,5,1055000
2.5,4,0,11700,3,3950,0,2015,6,1889000,5,1770000
2.5,2,1,977,2,1895,224,2015,6,788800,5,765000
2.5,3,1,2880,2,2018,0,2015,6,950000,5,953000
2.5,3,1,4229,2,2583,0,2016,5,1100000,5,1185000
2.5,4,1,5682,2,2898,0,2016,5,1179000,5,1140000
2.5,3,1,5866,2,2550,0,2018,3,1150000,1,1115000
2.5,3,1,8452,2,2971,0,2018,3,1274900,5,1138900
2.5,4,1,7703,3,3021,0,2019,2,1359990,5,1323880
2.75,4,2,20006,4,3051,0,1951,70,1895000,2,1803000
2.75,4,2,8276,0,2336,0,1952,69,1598800,1,1520000
2.75,5,0,19300,1,2160,0,1956,65,1098000,1,930000
2.75,3,1,12005,2,2260,0,1956,65,1150000,1,1280000
2.75,4,2,8250,2,1820,0,1958,63,819000,1,838000
2.75,4,2,9960,2,3890,0,1958,63,1290000,1,1353000
2.75,4,0,13700,1,2610,0,1959,62,1050000,1,910000
2.75,5,2,8550,2,3160,0,1959,62,1398000,6,1300000
2.75,3,2,7204,2,2000,0,1960,61,795000,1,763000
2.75,5,2,8426,2,2740,0,1960,61,949999,1,950000
2.75,3,2,9137,2,2760,0,1960,61,1095000,1,1010000
2.75,5,2,8545,2,2380,0,1960,61,1350000,1,1230000
2.75,4,2,11815,2,3170,3170,1960,61,1389950,1,1389950
2.75,3,2,8400,2,2045,0,1961,60,779950,1,755000
2.75,5,2,11859,2,3180,0,1961,60,1000000,1,1025000
2.75,4,2,9100,2,2800,0,1961,60,1088000,1,1080000
2.75,4,2,8362,1,2160,0,1961,60,800800,1,720000
2.75,4,2,8742,2,3150,0,1962,59,1400000,1,1450000
2.75,4,2,7700,1,2020,0,1962,59,849950,1,770000
2.75,3,2,7405,2,2030,0,1962,59,1050000,1,1111000
2.75,6,2,10000,2,2560,0,1962,59,1100000,1,1175000
2.75,4,2,9362,2,2310,0,1963,58,775000,1,715000
2.75,5,2,11277,2,3288,0,1963,58,1399950,1,1375000
2.75,5,2,12743,2,2560,0,1963,58,889988,1,889988
2.75,4,0,7000,1,1800,0,1963,58,1049000,5,950000
2.75,5,2,11250,2,2580,0,1963,58,999000,1,970000
2.75,5,2,25711,2,2620,0,1963,58,1250000,1,1240000
2.75,4,1,7414,2,2000,0,1964,57,795000,1,796500
2.75,5,2,9600,2,2980,0,1964,57,1125000,1,1030000
2.75,5,0,9793,1,2940,0,1964,57,888000,1,823000
2.75,4,0,12094,2,2010,0,1964,57,849000,1,820000
2.75,4,2,9605,2,2390,0,1964,57,899900,1,870000
2.75,4,2,12730,2,2620,0,1964,57,925000,1,975000
2.75,5,2,11915,2,3220,0,1965,56,1092500,1,1092500
2.75,4,1,8440,2,2070,0,1965,56,1250000,1,1275000
2.75,4,2,8396,2,1540,150,1965,56,749000,1,749000
2.75,4,2,7700,2,2080,0,1965,56,850000,1,887000
2.75,5,1,8910,2,2950,0,1965,56,997800,1,960000
2.75,5,1,8480,2,2960,0,1965,56,925000,1,980000
2.75,5,2,13193,2,2700,120,1966,55,800000,1,810000
2.75,4,2,13050,2,2920,210,1966,55,900000,1,890000
2.75,5,3,10890,2,2580,0,1966,55,1430000,1,1370000
2.75,3,2,13395,2,2230,0,1966,55,1498000,1,1400000
2.75,5,2,20176,2,2710,0,1966,55,1750000,2,1660000
2.75,3,2,7632,1,1920,0,1966,55,825000,1,780000
2.75,4,2,8480,2,2205,0,1966,55,947000,5,926000
2.75,6,0,8910,2,2720,0,1966,55,941800,1,930000
2.75,5,2,7600,2,2270,0,1966,55,924950,1,971000
2.75,5,1,8850,2,2520,0,1966,55,998000,1,998000
2.75,4,2,9730,2,2660,0,1966,55,949950,5,1009200
2.75,5,1,10005,2,3830,0,1966,55,1164000,1,1164000
2.75,4,2,9375,2,3620,0,1966,55,1350000,1,1200000
2.75,5,0,8856,2,2210,0,1966,55,820000,5,830000
2.75,5,2,10088,2,2230,0,1966,55,650000,5,650000
2.75,4,2,60163,2,3420,0,1966,55,1398000,1,1398000
2.75,4,2,8750,2,2500,0,1967,54,799997,1,780000
2.75,4,2,12918,2,2360,0,1967,54,850000,1,850000
2.75,4,2,11079,2,3110,463,1967,54,1325000,1,1345000
2.75,4,1,14000,2,3210,0,1967,54,1199900,1,1199900
2.75,4,1,9750,2,2790,580,1967,54,1070000,5,1045000
2.75,5,2,20025,2,3000,0,1967,54,950000,1,1052000
2.75,4,2,8460,1,1870,0,1967,54,888000,5,890000
2.75,4,2,9625,2,2260,0,1968,53,925000,1,875000
2.75,5,2,17300,2,3026,0,1968,53,1400000,1,1330000
2.75,4,0,7200,2,2166,0,1968,53,965000,5,915000
2.75,5,2,12054,2,2550,0,1968,53,1050000,5,1050000
2.75,4,2,8800,2,2940,0,1968,53,1125000,1,1075000
2.75,4,2,6825,1,2300,0,1968,53,789900,5,740000
2.75,4,0,7350,1,1870,0,1968,53,845000,5,860000
2.75,4,2,35951,2,3244,0,1968,53,1350000,1,1350000
2.75,4,2,10411,2,3292,78,1969,52,1500000,1,1400000
2.75,4,2,7600,2,2040,0,1969,52,820000,5,820000
2.75,4,2,9428,2,3010,0,1970,51,1500000,1,1635000
2.75,4,2,13188,4,2800,0,1970,51,1025000,1,980000
2.75,4,2,37473,2,3170,0,1970,51,1200000,1,1225000
2.75,5,2,35263,2,4420,0,1970,51,1498000,1,1511270
2.75,4,3,11108,2,2700,0,1971,50,1250000,1,1245100
2.75,4,3,8098,2,2460,0,1971,50,899950,1,917500
2.75,4,3,10000,2,3007,0,1971,50,1385000,1,1450000
2.75,5,2,9606,2,3400,0,1971,50,1099888,1,1050000
2.75,4,2,13100,4,2635,0,1972,49,1290000,1,1230000
2.75,5,2,12579,2,2450,0,1972,49,825000,5,835000
2.75,4,1,12500,2,2340,0,1972,49,925000,5,1011000
2.75,5,3,35821,2,3610,0,1972,49,1649000,1,1525000
2.75,3,3,17461,2,3927,0,1972,49,1550000,1,1729500
2.75,4,2,10200,2,2470,0,1973,48,1090000,1,1028200
2.75,5,3,13717,2,3530,0,1973,48,1499900,1,1623500
2.75,4,2,11600,2,2270,0,1974,47,950000,1,850000
2.75,4,2,7546,2,2230,0,1974,47,948000,1,948000
2.75,5,2,9450,2,2260,0,1974,47,850000,5,850000
2.75,5,2,9240,2,2720,0,1975,46,1115000,5,1115000
2.75,6,2,10925,2,3690,0,1975,46,1250000,5,1180000
2.75,6,2,11115,2,2270,0,1975,46,899950,5,905000
2.75,3,2,13469,2,1900,0,1976,45,799000,1,799000
2.75,6,2,7945,2,3009,0,1976,45,895000,1,917500
2.75,5,3,11300,2,3040,0,1976,45,1398000,1,1410000
2.75,4,1,13668,2,2320,0,1976,45,965000,5,947500
2.75,4,1,12500,2,2510,0,1976,45,1100000,5,1092888
2.75,4,2,10500,2,2240,0,1976,45,845000,5,890000
2.75,5,2,10860,2,2920,0,1977,44,875000,1,790000
2.75,3,2,13500,2,2360,0,1977,44,1000000,1,880000
2.75,4,2,10454,2,2870,0,1977,44,1150000,1,1250000
2.75,4,2,9000,2,2090,0,1977,44,925000,5,875000
2.75,3,1,15960,2,1800,0,1977,44,940000,1,941000
2.75,4,2,7200,2,2320,0,1977,44,830000,5,770000
2.75,4,2,10492,2,2770,0,1977,44,915000,5,890000
2.75,3,2,65775,1,2740,600,1977,44,899950,5,1080000
2.75,3,1,11211,2,2390,0,1978,43,755000,1,685000
2.75,4,2,8666,2,2270,0,1978,43,799950,1,768000
2.75,4,2,8470,2,2490,0,1978,43,1075000,1,1014000
2.75,5,2,12017,2,3250,0,1978,43,1300000,1,1300000
2.75,4,2,13921,2,2250,0,1978,43,1098888,1,939000
2.75,4,2,21144,3,2810,0,1978,43,980000,1,980000
2.75,4,2,9583,2,2270,0,1978,43,899000,5,892000
2.75,4,2,8700,2,3040,0,1979,42,998000,1,900000
2.75,3,1,10257,2,1920,0,1979,42,948888,1,948888
2.75,4,2,10300,2,3000,0,1979,42,1200000,1,1150000
2.75,4,2,9574,2,3050,0,1979,42,1329000,1,1300000
2.75,4,2,36654,2,3010,0,1979,42,900000,1,1075000
2.75,3,1,36400,3,2610,0,1979,42,1099000,1,1099000
2.75,4,1,53578,2,2520,0,1979,42,990000,5,870000
2.75,4,2,15300,2,2940,0,1980,41,1090000,1,1090000
2.75,4,2,10425,2,2100,0,1980,41,895000,5,885000
2.75,4,2,8928,2,2570,0,1980,41,925000,5,939250
2.75,4,1,7350,2,1650,650,1980,41,779950,5,765000
2.75,4,3,16164,2,2900,0,1982,39,1700000,2,1712000
2.75,3,2,15912,2,2330,0,1982,39,929000,5,915000
2.75,4,1,9350,2,2550,0,1983,38,1199888,1,1140000
2.75,3,1,22054,2,2690,0,1983,38,1200000,1,1150000
2.75,4,2,11496,2,2337,0,1983,38,899500,5,843000
2.75,4,2,76230,2,2400,0,1983,38,875000,5,865000
2.75,4,2,17577,2,2830,0,1984,37,1200000,5,1258000
2.75,4,1,8534,2,2130,0,1984,37,860000,5,900000
2.75,4,1,10346,2,2183,0,1985,36,889875,5,869000
2.75,4,2,8386,2,2300,0,1985,36,800000,5,800000
2.75,4,2,10620,2,3820,1150,1986,35,1488500,1,1488500
2.75,3,0,20050,0,1620,0,1986,35,775000,1,765000
2.75,3,0,6481,3,2280,0,1987,34,938880,1,938888
2.75,4,2,7875,3,2960,0,1992,29,1175000,1,1185000
2.75,4,0,12781,3,2630,0,1992,29,1150000,1,1234700
2.75,3,1,6000,2,2130,0,1992,29,1500000,1,1325000
2.75,4,4,15957,3,3480,0,1996,25,1599900,1,1515000
2.75,5,2,10450,3,3010,0,1996,25,1199950,5,1180000
2.75,4,2,9265,3,2956,0,1997,24,1175000,5,1165000
2.75,4,2,9000,2,2950,0,1998,23,1250000,5,1292100
2.75,4,1,8588,3,3050,0,2001,20,949990,1,920880
2.75,5,1,6635,2,2430,0,2001,20,1159000,1,1070000
2.75,3,1,6693,3,2760,0,2001,20,1325000,1,1425000
2.75,3,1,3393,2,1830,0,2003,18,699950,1,680000
2.75,5,2,7467,3,3196,0,2003,18,1250000,5,1265000
2.75,5,1,6955,3,2930,0,2006,15,1175000,5,1232000
2.75,4,2,66211,3,3560,0,2006,15,1315000,5,1307500
2.75,5,1,5305,2,2830,0,2007,14,1040000,5,1078000
2.75,5,2,10200,3,3300,0,2008,13,1350000,1,1355000
2.75,4,1,5686,3,3490,0,2009,12,1278000,5,1303500
2.75,5,1,5815,3,2950,0,2011,10,1400000,5,1300000
2.75,5,1,4681,3,3200,0,2012,9,1279950,5,1290000
2.75,5,3,9726,3,3810,0,2013,8,1550000,1,1445000
2.75,5,2,7305,3,3810,0,2013,8,1528888,1,1490000
2.75,5,1,5103,3,3058,0,2013,8,1495000,5,1480000
2.75,5,1,4259,2,2651,0,2013,8,1100000,5,1100000
2.75,5,1,4259,2,2651,0,2013,8,1100000,5,1100000
2.75,5,1,5779,2,3010,0,2014,7,1060000,1,940000
2.75,5,1,7232,2,3143,0,2015,6,1399950,5,1320000
2.75,5,1,17695,2,3260,0,2016,5,1689000,1,1700000
2.75,5,1,4144,2,3190,0,2017,4,1395000,5,1375000
2.75,4,1,5035,2,2790,0,2018,3,1225000,5,1170000
2.75,4,1,5230,2,2788,0,2018,3,1079900,5,1074340
2.75,4,1,5035,2,2746,0,2018,3,1279900,5,1260900
2.75,4,1,5555,3,3012,0,2018,3,1325990,5,1349990
2.75,4,1,6682,2,3290,0,2018,3,1399900,5,1350000
2.75,4,1,7053,2,3290,0,2018,3,1424900,5,1375000
2.75,4,1,6559,2,3214,0,2019,2,1588888,5,1597000
2.75,4,1,6559,2,2963,0,2019,2,1650000,5,1637500
2.75,4,1,6473,2,3214,0,2019,2,1650000,5,1650000
2.75,5,1,3750,2,2776,0,2019,2,1349950,5,1152000
3,4,2,17300,1,2720,0,1950,71,1298000,1,1253000
3,3,2,15520,2,3050,590,1951,70,1595000,1,1595000
3,4,2,15210,2,3400,0,1951,70,1895000,1,1690000
3,5,2,9428,2,2430,0,1952,69,1895000,1,1860000
3,4,1,9350,2,2150,440,1954,67,1198750,1,1075000
3,4,2,8000,2,2470,0,1956,65,1173250,1,1150000
3,4,4,20794,3,4180,780,1958,63,1899000,1,1850000
3,4,1,11560,2,1830,0,1960,61,974950,1,924950
3,5,2,8560,2,2680,0,1960,61,899950,1,880000
3,5,2,10000,2,3900,0,1961,60,1425000,1,1370000
3,6,2,10880,2,2580,0,1961,60,924999,1,951000
3,4,2,11145,2,3199,0,1962,59,1328000,1,1200000
3,4,2,9100,2,2220,0,1962,59,1329950,1,1315000
3,7,0,8250,0,2200,0,1963,58,525000,1,655000
3,4,1,15873,2,2600,0,1964,57,1195000,1,1250000
3,4,2,15086,2,2940,0,1965,56,2395000,6,1920000
3,4,2,8767,2,2600,0,1965,56,1186000,1,1186000
3,6,3,10393,2,3930,0,1965,56,1180000,5,1230000
3,4,3,10700,3,2830,0,1966,55,875000,1,910000
3,5,2,19093,2,2650,150,1966,55,1100000,1,1080000
3,4,1,7350,2,2080,0,1967,54,800000,1,850000
3,4,1,8035,2,1960,0,1967,54,918000,1,900000
3,5,1,9933,2,3120,200,1967,54,1180000,1,1208000
3,5,2,9849,4,2510,0,1969,52,1395000,1,1400000
3,4,0,8267,2,2320,0,1972,49,1049950,1,934000
3,4,2,9800,2,2888,0,1973,48,1100888,1,1180000
3,4,2,12000,2,2420,0,1974,47,959000,1,935000
3,4,2,11700,2,3085,0,1974,47,1546600,1,1546600
3,5,2,11761,2,2170,0,1974,47,875000,1,922000
3,5,2,10801,2,2670,0,1974,47,950000,5,955000
3,4,2,38980,2,3610,0,1974,47,1800000,1,1865000
3,4,2,11212,2,2820,0,1975,46,1049990,5,930000
3,4,2,10078,2,2700,0,1976,45,1100000,1,1035000
3,5,2,15500,2,3570,170,1976,45,1500000,1,1698000
3,4,2,8360,2,2357,0,1976,45,900000,5,900000
3,4,1,10763,2,3480,0,1977,44,895000,5,850000
3,4,2,10400,2,2900,0,1977,44,998000,1,975000
3,6,2,14800,4,3290,0,1977,44,1188000,1,1188000
3,4,1,9470,2,2750,0,1978,43,999000,1,1110000
3,5,2,9751,2,2890,0,1978,43,1288888,1,1247000
3,4,2,17674,2,2810,0,1978,43,915000,5,910000
3,4,2,9991,2,2510,0,1978,43,989000,5,1000000
3,4,2,9080,2,3180,0,1979,42,1198888,1,1198888
3,4,3,35000,2,3500,0,1979,42,1689500,1,1520000
3,4,2,10754,2,2810,150,1980,41,1268800,1,1240000
3,5,2,24011,2,3970,450,1980,41,1849999,1,1301000
3,4,1,10295,2,2633,0,1980,41,979000,5,915000
3,5,3,39960,3,3520,0,1980,41,1575000,1,1560000
3,4,1,19662,2,2000,0,1981,40,849000,1,902000
3,4,4,15079,4,3620,0,1983,38,965000,1,960000
3,4,1,7837,2,2528,0,1984,37,850000,5,865000
3,4,3,35606,3,3900,0,1985,36,1250000,5,1250000
3,4,2,10067,2,3240,0,1986,35,1555000,1,1544250
3,4,1,9540,2,3300,0,1986,35,1225000,5,1330000
3,3,1,22168,2,2280,0,1986,35,740000,5,550000
3,3,1,11400,2,2985,0,1987,34,1495000,1,1495000
3,4,3,28770,3,5014,0,1988,33,1835000,5,1750000
3,5,2,16211,3,2940,0,1989,32,1199950,1,1100000
3,4,2,10852,2,3190,0,1989,32,1250000,1,1350000
3,4,2,12136,3,3280,0,1993,28,1365000,1,1188000
3,4,2,9371,3,2710,0,1995,26,1195000,1,1160000
3,3,1,49279,3,3650,0,2002,19,1650000,1,1333000
3,5,1,9976,2,4416,0,2005,16,1988000,1,1450000
3,5,1,4850,2,3415,0,2013,8,1295000,5,1199000
3,4,2,5037,2,3601,0,2014,7,1730000,5,1699988
3,4,1,9282,2,2842,0,2015,6,1298000,5,1285000
3,5,1,5923,2,3300,0,2016,5,1425000,5,1283000
3,4,1,75491,2,2097,0,2017,4,995000,1,995000
3,4,0,1384,2,2167,0,2017,4,950000,5,910000
3,5,1,4947,2,3312,0,2017,4,1350000,5,1270000
3,4,1,7197,2,3035,0,2019,2,1544995,5,1588932
3,4,1,7110,2,3322,0,2019,2,1609995,5,1655130
3,4,1,7097,2,3322,0,2019,2,1673995,5,1662545
3,3,0,1394,2,1835,0,2019,2,874900,5,870000
3,3,0,1394,2,1835,0,2019,2,899000,5,880000
3,3,0,1394,1,1835,0,2019,2,875000,5,880000
3.25,4,1,17416,2,2856,237,1931,90,1995000,5,1995000
3.25,5,1,33220,3,3960,0,1934,87,1798000,1,1720000
3.25,4,2,50480,2,3800,0,1956,65,1950000,1,1800000
3.25,5,3,19969,3,4692,1314,1961,60,1788000,2,1632500
3.25,4,2,7789,2,3230,0,1963,58,1250000,5,1140000
3.25,3,3,67082,2,3246,680,1963,58,1700000,1,1655000
3.25,5,1,8527,3,1860,0,1964,57,700000,1,728000
3.25,5,1,7200,2,2760,0,1965,56,925000,1,900000
3.25,6,2,8700,3,2710,0,1967,54,1100000,1,1000000
3.25,4,2,25265,3,2767,0,1967,54,1699800,2,1628000
3.25,4,2,11689,2,2340,122,1967,54,889000,1,850000
3.25,5,2,13145,2,3540,0,1968,53,1575000,1,1913000
3.25,4,1,8500,2,2290,0,1969,52,1029000,5,1090000
3.25,4,2,42253,2,3373,0,1973,48,1495000,1,1400000
3.25,4,0,24367,2,3600,0,1974,47,1699950,1,1615000
3.25,4,2,12000,2,3167,0,1975,46,850000,1,820000
3.25,5,1,10620,3,3938,0,1976,45,1198888,1,1200000
3.25,4,3,20813,3,4080,0,1976,45,1298000,5,1280000
3.25,4,2,7597,2,2450,0,1977,44,1478000,1,1535000
3.25,4,3,8950,3,3460,0,1978,43,1545000,1,1565000
3.25,4,2,10453,0,2390,0,1978,43,1100000,1,1100000
3.25,5,2,12350,3,3310,0,1978,43,1200000,5,1170000
3.25,5,4,20909,3,4279,0,1979,42,2188000,1,1890000
3.25,5,2,13766,3,3990,0,1979,42,1050000,1,1208000
3.25,5,3,13068,3,4230,0,1981,40,1598675,1,1625000
3.25,5,2,16503,2,4916,90,1982,39,1688000,1,1630000
3.25,4,1,9977,2,3240,0,1982,39,1438000,1,1475000
3.25,4,3,47916,2,4020,0,1983,38,1660000,1,1610000
3.25,4,2,7964,2,2540,0,1984,37,998950,5,993000
3.25,4,4,14710,3,4240,0,1984,37,1895000,1,1850000
3.25,5,2,15327,2,3870,0,1985,36,1800000,1,1820000
3.25,5,2,8250,2,3810,0,1988,33,1423800,1,1399800
3.25,4,3,35002,3,4310,0,1989,32,1650000,5,1600000
3.25,4,3,34230,3,4240,0,1990,31,1988800,1,1830000
3.25,4,2,27331,3,3420,0,1991,30,1880000,1,1775100
3.25,5,1,10138,3,4490,0,1994,27,1350000,1,1370000
3.25,4,2,9277,3,4368,0,1996,25,1400000,1,1385000
3.25,5,3,15246,3,4322,0,1996,25,1499900,1,1390000
3.25,4,3,11514,3,4137,660,1996,25,1788000,1,1710000
3.25,4,2,11366,3,4632,0,1996,25,1945000,1,1900000
3.25,3,1,3064,2,2020,0,1996,25,775000,1,825000
3.25,4,2,9768,3,4070,0,1998,23,1699000,1,1500000
3.25,4,2,11491,3,3680,0,1999,22,1749000,1,1680000
3.25,4,2,15124,3,3890,0,1999,22,1875000,1,1775000
3.25,4,2,10541,3,3460,0,2002,19,1995000,1,1850000
3.25,4,3,10679,4,3340,0,2003,18,1367000,1,1339660
3.25,4,3,15390,3,5138,0,2006,15,1899000,1,1680000
3.25,4,1,6797,3,3350,0,2006,15,1295000,5,1295000
3.25,4,1,11857,2,3714,0,2007,14,1400000,1,1340000
3.25,5,1,7385,3,3420,0,2008,13,1550000,1,1425000
3.25,5,2,13139,3,3200,0,2011,10,1350000,1,1335000
3.25,5,1,3954,2,3213,0,2011,10,1219000,1,1175000
3.25,4,1,3661,2,2426,0,2013,8,1048000,5,1100000
3.25,5,1,11170,2,3438,0,2014,7,1499000,1,1450000
3.25,4,1,423885,2,2892,0,2014,7,1029999,5,1015000
3.25,4,1,5460,2,2958,0,2014,7,1200000,5,1250000
3.25,5,2,8113,2,3580,0,2015,6,1898000,1,1500000
3.25,5,1,15000,2,3629,621,2016,5,2198000,1,1950000
3.25,5,1,8112,3,3344,0,2018,3,1798000,1,1625000
3.25,4,1,5078,2,3290,0,2018,3,1229900,5,1199900
3.25,4,1,5078,2,3290,0,2018,3,1204900,5,1209330
3.25,4,1,5504,2,2566,0,2018,3,1307900,5,1270900
3.25,4,1,6001,2,3297,0,2018,3,1279900,5,1285000
3.25,4,1,5120,2,3290,0,2018,3,1297900,5,1297900
3.25,4,2,5775,4,3315,0,2018,3,1389990,5,1384990
3.25,4,1,8868,2,2849,0,2018,3,1403900,5,1387250
3.25,4,1,6344,2,2849,0,2018,3,1389900,5,1417055
3.25,5,1,7200,2,3291,0,2019,2,1650000,1,1650000
3.25,5,1,7280,2,3272,0,2019,2,1750000,1,1660000
3.25,5,1,7400,2,3291,0,2019,2,1698000,1,1698000
3.25,4,0,1394,2,2112,0,2019,2,928800,5,928800
3.25,4,0,1394,2,2112,0,2019,2,949000,5,949000
3.25,4,0,1394,2,2112,0,2019,2,984900,5,950000
3.25,4,0,1394,2,2112,0,2019,2,975000,5,975000
3.25,4,1,6182,2,2849,0,2019,2,1390900,5,1350000
3.25,5,1,4994,2,3974,0,2019,2,1474990,5,1445000
3.25,5,1,5980,2,3184,0,2019,2,1448990,5,1448990
3.25,5,1,5241,2,3184,0,2019,2,1458990,5,1458990
3.5,4,2,7000,2,2878,0,1955,66,1150000,1,1141400
3.5,5,2,8400,2,2460,0,1964,57,910000,1,957000
3.5,5,1,7070,2,3470,0,1965,56,949950,1,812500
3.5,5,2,11792,2,3183,0,1965,56,1288000,5,1267000
3.5,5,2,10591,2,3126,0,1967,54,1000000,1,1030000
3.5,5,2,9147,2,3060,0,1967,54,1628000,1,1498000
3.5,4,2,9600,2,3090,0,1974,47,1325000,1,1282000
3.5,5,3,7875,2,3450,0,1974,47,1460000,5,1500000
3.5,5,1,17698,2,3670,0,1977,44,1450000,1,1350000
3.5,6,3,9100,2,4080,0,1978,43,1299000,1,1325000
3.5,5,1,8490,2,2950,0,1978,43,925000,1,796000
3.5,4,2,10050,3,4432,0,1979,42,1599995,1,1530000
3.5,5,2,13587,2,3490,3490,1979,42,1150000,1,1200000
3.5,5,2,9800,2,3760,100,1981,40,1375000,1,1453000
3.5,5,2,37061,3,4150,0,1982,39,1986888,1,1978888
3.5,4,2,12611,2,2900,0,1983,38,1100000,5,1100000
3.5,3,4,13639,3,3910,80,1984,37,2050000,1,1825000
3.5,4,2,14542,2,4290,0,1984,37,1938800,1,1825000
3.5,4,1,12714,2,2080,0,1984,37,995000,5,995000
3.5,3,7,39340,3,5581,0,1985,36,1650000,5,1650000
3.5,4,1,12360,2,3370,160,1986,35,949000,1,940000
3.5,5,1,6496,2,2500,0,1986,35,1148800,1,1115000
3.5,4,3,9593,2,3520,0,1987,34,1488000,1,1440000
3.5,5,1,9969,2,2720,0,1987,34,988000,5,988000
3.5,4,3,29424,3,4871,0,1987,34,1899000,5,1720000
3.5,5,2,28115,3,4497,0,1988,33,1880000,5,1858000
3.5,6,2,9625,3,3260,0,1989,32,885000,1,890000
3.5,5,2,10217,3,3030,0,1989,32,975000,1,975000
3.5,5,4,10663,3,3558,0,1989,32,1325000,1,1325000
3.5,4,2,36200,3,4410,0,1989,32,1700000,1,1625000
3.5,5,2,40453,3,4562,0,1989,32,1550000,5,1488888
3.5,6,2,75794,3,3460,320,1992,29,1895000,1,1772445
3.5,4,4,12482,3,4668,0,1994,27,1790000,1,1830000
3.5,4,3,16462,3,4100,0,1996,25,1549000,1,1200000
3.5,4,2,11520,3,3373,0,1996,25,1400000,1,1318000
3.5,4,3,12426,3,4410,0,1996,25,1988000,1,1960000
3.5,5,3,18944,3,3750,0,1997,24,1250000,1,1240000
3.5,6,1,10295,3,4108,0,1997,24,1100000,5,1100000
3.5,4,1,13122,2,3020,220,1997,24,1199000,5,1199000
3.5,5,2,9681,3,4650,0,1999,22,1599950,1,1545000
3.5,4,1,3460,2,2920,0,1999,22,1285000,1,1240000
3.5,4,2,14664,3,3040,0,1999,22,1198000,5,1250000
3.5,4,1,9520,3,2700,0,2000,21,1100000,1,1212000
3.5,4,3,32670,3,3830,0,2000,21,1449000,1,1412500
3.5,4,2,12408,3,4140,0,2003,18,1925000,1,2000000
3.5,5,1,9191,3,3049,0,2004,17,1275000,1,1200000
3.5,4,1,22362,4,4570,0,2004,17,1121000,5,1100000
3.5,4,2,8558,3,4204,282,2005,16,1475000,5,1450000
3.5,5,2,21702,3,4360,990,2006,15,1799950,1,1679000
3.5,5,3,6600,3,4240,0,2007,14,1195000,1,1175000
3.5,4,3,7832,3,3450,0,2007,14,1499000,1,1400000
3.5,4,2,5782,3,3090,660,2007,14,1539000,1,1525000
3.5,4,1,5110,3,3180,0,2008,13,1498000,5,1560000
3.5,5,1,6881,3,3970,0,2008,13,1499000,5,1428000
3.5,5,1,3355,2,3213,0,2010,11,1090000,1,1090000
3.5,4,1,3727,2,2500,0,2011,10,1000000,5,1000000
3.5,5,1,3840,2,2991,0,2013,8,1039000,5,975000
3.5,5,1,3810,2,2608,0,2013,8,1050000,5,980000
3.5,4,1,5032,2,2510,0,2013,8,1075000,5,1077000
3.5,5,1,7832,3,3690,0,2015,6,1575000,1,1525000
3.5,5,1,10900,2,3376,0,2015,6,1324900,5,1190000
3.5,4,1,6735,3,3300,0,2015,6,1295000,5,1295000
3.5,4,1,5793,2,3362,0,2016,5,1298888,5,1365000
3.5,4,1,8193,3,3590,0,2016,5,1489990,5,1500000
3.5,5,1,8458,3,3990,0,2016,5,1789000,5,1725000
3.5,4,1,18473,2,3128,0,2017,4,1428888,1,1428888
3.5,4,1,8787,2,4510,0,2017,4,1648000,5,1465000
3.5,5,1,7200,2,3670,0,2018,3,1729985,1,1700000
3.5,4,1,4410,2,3299,0,2018,3,1295950,5,1254950
3.5,5,1,5413,2,3413,0,2018,3,1309950,5,1294950
3.5,3,1,5230,2,3350,0,2018,3,1399900,5,1328000
3.5,4,1,5400,2,3154,0,2018,3,1339950,5,1339950
3.5,4,0,6424,2,4035,0,2018,3,1699000,5,1640000
3.5,4,1,6418,2,2792,0,2018,3,1119900,5,1100000
3.5,4,0,4300,2,3013,0,2018,3,1125000,5,1125000
3.5,4,2,4260,2,3408,0,2018,3,1248000,5,1129000
3.5,4,1,5079,2,3295,0,2018,3,1289900,5,1222888
3.5,4,1,4781,2,3295,0,2018,3,1317900,5,1267900
3.5,4,1,5119,2,3335,0,2018,3,1279900,5,1279900
3.5,4,1,6122,2,4165,0,2018,3,1474900,5,1334900
3.5,4,1,7318,3,3772,0,2018,3,1499990,5,1499990
3.5,5,2,6825,3,4053,0,2018,3,1529990,5,1542421
3.5,4,1,6977,3,3925,0,2019,2,1728990,1,1728990
3.5,4,1,5572,3,3517,0,2019,2,1664995,5,1657106
3.5,5,0,7224,3,3934,0,2019,2,1940995,5,1817795
3.5,4,1,5000,2,3241,0,2019,2,1289950,5,1289950
3.5,4,1,4914,2,3464,0,2019,2,1294950,5,1294950
3.5,4,1,4581,2,3497,0,2019,2,1299950,5,1299950
3.5,4,1,4913,2,3497,0,2019,2,1309950,5,1309950
3.5,5,1,4500,2,3264,0,2019,2,1309950,5,1309950
3.5,5,1,5172,2,3299,0,2019,2,1334950,5,1334950
3.5,4,1,6063,2,3154,0,2019,2,1334950,5,1334950
3.5,5,1,5853,2,3540,0,2019,2,1342950,5,1342950
3.5,4,1,4689,2,3498,0,2019,2,1345950,5,1345000
3.5,4,1,6189,2,3024,0,2019,2,1405900,5,1350000
3.5,4,1,6015,2,3660,0,2019,2,1608990,5,1608990
3.5,4,1,5565,2,3660,0,2019,2,1618990,5,1618990
3.5,4,1,6434,3,3925,0,2019,2,1824990,5,1824990
3.5,4,1,7232,3,3696,0,2020,1,1670995,5,1705863
3.75,6,1,12769,0,2353,0,1958,63,1275000,1,1275000
3.75,5,1,14469,2,2740,0,1958,63,849950,1,879000
3.75,7,1,8400,2,2726,0,1967,54,940000,1,975000
3.75,4,4,52878,4,5029,187,1971,50,1850000,1,1817500
3.75,3,1,2915,2,1690,0,1979,42,849950,1,860000
3.75,5,3,19994,3,4400,0,1979,42,1688000,1,1500000
3.75,4,3,35010,3,4500,0,1984,37,2250000,1,1760000
3.75,4,2,7916,3,3400,0,1988,33,1295000,5,1418000
3.75,5,3,11434,3,4735,0,1995,26,1798000,1,1725000
3.75,3,2,10820,3,3360,0,2003,18,1850000,1,1780000
3.75,4,2,7875,3,3520,0,2013,8,1988000,1,1835000
3.75,5,1,5014,2,3545,0,2013,8,1098000,5,1050000
3.75,6,1,8265,3,4380,0,2015,6,1499000,1,1400000
3.75,7,1,10334,3,4178,330,2018,3,1888000,1,1690000
3.75,4,1,5254,2,2788,0,2018,3,1099900,5,1100840
3.75,4,1,5253,2,3335,0,2018,3,1259900,5,1249900
3.75,4,1,7317,2,3335,0,2018,3,1244900,5,1291672
3.75,4,1,7407,2,4165,0,2018,3,1359900,5,1295000
3.75,4,1,6354,2,2849,0,2018,3,1384900,5,1329900
3.75,5,1,7098,3,4130,0,2018,3,1689880,5,1689880
3.75,5,1,12632,3,3610,0,2019,2,1895000,1,1895000
3.75,5,2,3750,2,3450,0,2019,2,1349950,5,1310000
3.75,5,1,4870,2,3400,0,2019,2,1378980,5,1365000
4,4,2,18673,2,3300,0,1965,56,1548000,1,1525000
4,4,0,10117,2,2540,0,1981,40,1350000,1,1350000
4,3,3,32360,3,4050,0,1989,32,1558000,1,1430000
4,5,3,7519,3,3420,400,1990,31,1350000,1,1350000
4,5,2,23224,3,5365,0,1998,23,1788000,1,1600000
4,6,2,14910,3,5430,0,1998,23,1650000,1,1610000
4,5,3,15191,3,5070,0,1999,22,2000000,1,1700000
4,4,2,21818,3,3510,0,2000,21,1600000,1,1550000
4,5,4,10501,4,4115,0,2001,20,1899000,1,1884000
4,4,4,6696,3,3813,0,2007,14,1668000,5,1658000
4,6,1,8359,3,4380,0,2015,6,1300000,1,1300000
4,6,1,5150,2,3819,0,2018,3,1298900,5,1275000
4,5,1,8404,3,3986,0,2018,3,1577900,5,1560000
4,5,1,7462,3,4133,0,2019,2,1758990,1,1758990
4,5,1,8881,3,4516,0,2019,2,1798990,1,1828990
4,5,1,9374,3,4150,0,2019,2,1999990,1,1930000
4,5,1,6094,2,3469,0,2019,2,1573990,5,1573990
4,5,1,5809,2,3469,0,2019,2,1578990,5,1578990
4,5,1,5793,3,3634,0,2019,2,1598990,5,1598990
4,5,1,6398,3,3605,0,2019,2,1598990,5,1598990
4,5,1,6644,3,3628,0,2019,2,1618990,5,1618990
4,5,1,6287,2,3806,0,2019,2,1678990,5,1618990
4,5,1,6528,3,3747,0,2019,2,1648990,5,1648990
4,5,1,7786,3,4157,0,2019,2,1898990,5,1898990
4,5,1,9752,3,4516,0,2019,2,1998990,5,1998990
4.25,5,2,9753,2,4216,0,1967,54,2148500,1,1950000
4.25,4,2,47916,3,3640,0,1971,50,1575000,1,1515000
4.25,7,3,12550,2,3286,0,1974,47,1100000,1,1040000
4.25,5,4,11505,3,5450,0,2000,21,1350000,1,1288000
4.25,6,2,9127,4,5758,0,2004,17,1599000,1,1600000
4.25,4,1,11842,3,3990,0,2008,13,1450000,5,1510000
4.25,5,1,11756,3,4112,0,2014,7,1849000,1,1675000
4.25,4,2,6436,3,4243,0,2014,7,1680000,5,1680000
4.25,5,1,13012,2,3970,0,2016,5,1558000,1,1558000
4.25,5,1,5236,2,4028,0,2017,4,1548000,5,1513000
4.25,5,1,14400,3,3828,0,2018,3,2150000,1,1850000
4.25,5,1,15850,3,3845,0,2018,3,1950000,1,1855000
4.25,5,1,11012,3,3833,0,2018,3,1950000,1,1900000
4.25,4,1,7729,2,3780,540,2018,3,1759000,5,1684912.92
4.25,4,1,8924,3,3844,0,2018,3,1999800,1,1920000
4.25,5,1,9838,3,4200,0,2019,2,2000000,1,2000000
4.25,5,1,8331,2,3739,0,2019,2,1900000,1,1900000
4.25,5,1,5900,2,3277,0,2019,2,1449900,5,1399900
4.25,5,1,6348,2,3641,0,2019,2,1599900,5,1520000
4.5,4,1,8036,3,3520,0,1955,66,1120000,1,1050000
4.5,6,3,8295,2,2940,0,1960,61,950000,1,930000
4.5,4,4,14000,2,5510,0,1960,61,2009000,1,1833000
4.5,4,2,20000,3,2730,0,1988,33,2095000,3,1628000
4.5,4,3,16779,3,4060,0,1995,26,1798000,1,1800000
4.5,5,2,17909,3,5217,325,1996,25,1688000,1,1688000
4.5,5,3,13910,3,5400,0,1996,25,2128000,1,1970000
4.5,4,3,13929,3,4677,0,1999,22,1998000,1,1970000
4.5,6,2,40811,3,4730,0,2000,21,1975000,1,1800000
4.5,5,3,37265,3,4816,0,2002,19,1700000,1,1650000
4.5,5,4,4637,2,3380,0,2008,13,1210000,5,1066000
4.5,6,1,12613,4,4263,0,2018,3,1498000,1,1425000
4.5,5,1,47134,4,4263,0,2018,3,1548000,1,1430000
4.5,5,1,13046,4,4263,0,2018,3,1548000,1,1458000
4.5,5,1,6111,2,3508,0,2018,3,1524990,5,1524990
4.5,6,1,6416,2,4542,0,2018,3,1949990,5,1760000
4.5,6,1,12064,2,4420,670,2019,2,1650000,1,1635000
4.5,4,0,1394,1,2632,0,2019,2,1024000,5,987000
4.5,5,1,6114,2,3508,0,2019,2,1524990,5,1524990
4.5,5,1,6009,2,3481,0,2019,2,1524990,5,1524990
4.5,5,1,6488,2,3904,0,2019,2,1899990,5,1799990
4.5,5,1,7007,3,3977,0,2019,2,1799990,5,1799990
4.5,5,1,7057,3,3984,0,2019,2,1839990,5,1839990
4.5,5,1,5496,2,4236,0,2019,2,1389000,5,1400000
4.75,5,2,5886,2,4413,0,2016,5,1634990,5,1550000
4.75,5,2,11988,3,4364,487,2018,3,2295000,1,2000000
4.75,5,2,5412,2,4604,0,2018,3,1799000,5,1750000
4.75,5,1,6949,2,3517,0,2018,3,1509900,5,1509900
4.75,6,1,6738,2,4210,0,2018,3,1599900,5,1554900
5,5,4,53325,2,3960,0,2000,21,1588000,1,1350000
5,6,1,7952,2,4604,0,2019,2,1824990,5,1824990
